address,type,value,xref_count,first_xref,first_xref_fn
"1410ad710","string","PointCloud Scale %d",1,"140014127","FUN_140013ae0"
"1410ad740","string","PointCloud Scale %d Slot1",1,"14001427a","FUN_140013ae0"
"1410ad780","string","PointCloud Scale %d Slot2",1,"1400143d0","FUN_140013ae0"
"1410ad7c0","string","PointCloud Scale %d Slot3",1,"140014526","FUN_140013ae0"
"1410ad800","string","GI Color Scale %d",1,"14001467c","FUN_140013ae0"
"1410c8db0","string","MapGeneralPhantomLocation",2,"141073035","FUN_141073020"
"1410c8dd0","unicode","MapGeneralPhantomLocation",2,"141073040","FUN_141073020"
"1410d6540","string","..\..\Source\Network\Server\SummonSign\NetSvrSummonSignUtil.cpp",2,"1402a7416","FUN_1402a7350"
"1410e17f8","unicode","NpcPhantom_c%06d",1,"14035641b","FUN_1403560a0"
"1410e1860","unicode","Boss_c%d",1,"1403566b5","FUN_1403560a0"
"1410e1878","unicode","NpcPhantom_c%d",1,"140356797","FUN_1403560a0"
"1410e7ff0","unicode","param:/MapObjectDamageMomentumScaleParam.param",1,"1403bf16e","FUN_1403bf0c0"
"1410e8050","unicode","param:/MapObjectChrSpeedScaleParam.param",1,"1403bf18f","FUN_1403bf0c0"
"1410eb700","string","MapPhantomComponent",2,"141075465","FUN_141075450"
"1410eb718","unicode","MapPhantomComponent",2,"141075470","FUN_141075450"
"1410ee698","string","GameEntityPhantomEventNotifyInterface",2,"141075f95","FUN_141075f80"
"1410ee6c0","unicode","GameEntityPhantomEventNotifyInterface",2,"141075fa0","FUN_141075f80"
"1410f1508","unicode","ChrCommonParam",2,"14048b631","FUN_14048b620"
"1410f1570","unicode","EnemyParam",2,"14048b661","FUN_14048b620"
"1410f1c68","unicode","ChrEditParamBodyScale",2,"14048b83d","FUN_14048b620"
"1410f1f40","unicode","PlayerStatusParam",2,"14048b955","FUN_14048b620"
"1410f1f98","unicode","NpcPlayerStatusParam",2,"14048b971","FUN_14048b620"
"1410f2080","unicode","ChrNetworkPhantomParam",2,"14048b9c5","FUN_14048b620"
"1410f20b0","unicode","ChrNetworkPhantomSoulRateParam",2,"14048b9d3","FUN_14048b620"
"1410f22a0","unicode","EnemyDamageParam",2,"14048ba99","FUN_14048ba80"
"1410f3460","unicode","param:/BossBattleParam.param",1,"14048bf00","FUN_14048bf00"
"1410f3c80","unicode","param:/ChrPhantomParam.param",1,"14048c980","FUN_14048c980"
"1410f5860","unicode","CompositeScaleRenderBilatelalUpScale.fpo",1,"1404b7888","FUN_1404b7770"
"1410febb8","unicode","Scale",1,"140562ec3","FUN_140562cb0"
"141101b18","unicode","Scale : x%.2f",1,"1405a984d","FUN_1405a87c0"
"141101b50","unicode","FreeScale",1,"1405a7e30","FUN_1405a7bc0"
"141107918","string","TaskScaleCharacterTransforms",1,"1405f8281","FUN_1405f7010"
"141107938","string","TaskScaleCharacterDeltaTransform",1,"1405f82a4","FUN_1405f7010"
"141107960","string","TaskScaleCharacterDeltaAndTransforms",1,"1405f82bb","FUN_1405f7010"
"141107b78","string","TaskScaleUpdateTime",1,"1405f846e","FUN_1405f7010"
"141107b90","string","TaskScaleUpdateSyncEventTrack",1,"1405f848b","FUN_1405f7010"
"141107bb0","string","TaskScaleToDuration",1,"1405f84a8","FUN_1405f7010"
"141107bc8","string","TaskScaleToDurationSyncEventTrack",1,"1405f84c5","FUN_1405f7010"
"141109a10","string","nodeScaleCharacterQueueUpdateTransforms",1,"1406077bd","FUN_140606e10"
"141109a38","string","nodeScaleCharacterQueueTrajectoryDeltaTransform",1,"1406077d3","FUN_140606e10"
"141109a68","string","nodeScaleCharacterQueueTrajectoryDeltaAndTransforms",1,"1406077e9","FUN_140606e10"
"141109cc0","string","nodeScaleToDurationQueueUpdateTime",1,"140607907","FUN_140606e10"
"141109ce8","string","nodeScaleToDurationQueueSyncEventTrack",1,"14060791d","FUN_140606e10"
"14110b1f8","string","nodeScaleCharacterUpdateConnections",1,"140608357","FUN_140606e10"
"14110b830","string","nodeRetargetUpdateOffsetsAndScaleMessageHandler",1,"1406086b6","FUN_140606e10"
"14110b860","string","nodeScaleCharacterMessageHandler",1,"1406086cc","FUN_140606e10"
"14110c488","string","ATTRIB_TYPE_SCALECHARACTER_STATE",1,"1406052b8","FUN_140605100"
"1411254d8","string","LtUpdateFilterOnPhantom",2,"1406f2d18","FUN_1406f2ca0"
"141125550","string","Stphantom",2,"1406f26d6","FUN_1406f2570"
"1411277c8","string","TtrcPhantom",4,"1407198b6","FUN_140719880"
"1411277d8","string","TthkpAabbPhantom::linearCast",2,"140719ae1","FUN_140719a90"
"141128e78","string","hkcdShapeType::PHANTOM_CALLBACK",1,"1407285d9","FUN_1407284b0"
"1411809e8","unicode","XactDistanceScaler",1,"1409df5c9","FUN_1409ddbe0"
"1411d5eb0","unicode","Shader\CompositeScaleRender.fpo",1,"1415d6318",""
"1411dfc90","unicode","DepthScale2x2_ConvertLinear.fpo",3,"140b85c62","FUN_140b85c20"
"1411dfd00","unicode","DepthScale2x2_Max.fpo",2,"140b85fcd","FUN_140b85c20"
"1411dfd30","unicode","DepthScale2x2.fpo",2,"140b86041","FUN_140b85c20"
"1411dfe90","unicode","SSAO_DepthScale2x2_Direct.fpo",2,"140b857d3","FUN_140b85400"
"1411dfed0","unicode","SSAO_NormalScale2x2.fpo",2,"140b8584c","FUN_140b85400"
"1411e0040","unicode","ScreenSpaceAO2_BilateralUpScale.fpo",1,"140b86a53","FUN_140b86a10"
"1411e0638","unicode","DepthScale2x2OutputDepth.fpo",1,"140b8cc46","FUN_140b8cc00"
"1411e06c0","unicode","GrayScale",2,"140b8d7e3","FUN_140b8d7a0"
"1411e0878","unicode","ToneMap_ScaleLuminance.fpo",2,"140b964ab","FUN_140b96340"
"1411e0ba8","unicode","ToneMap_BrightPassAndScale.fpo",2,"140b92280","FUN_140b92200"
"1411e0ef0","string","Scaler",1,"140b8f878","FUN_140b8f660"
"14120b9f0","string","Frpg2RequestMessage.RequestSummonSign",1,"140c83b1d","FUN_140c83b10"
"14120ba18","string","Frpg2RequestMessage.RequestSummonSignResponse",1,"140c83b4d","FUN_140c83b40"
"14120ba48","string","Frpg2RequestMessage.PushRequestSummonSign",1,"140c8204d","FUN_140c82040"
"14120c600","string","Frpg2RequestMessage.RequestSummonMirrorKnightSign",1,"140c83abd","FUN_140c83ab0"
"14120c638","string","Frpg2RequestMessage.RequestSummonMirrorKnightSignResponse",1,"140c83aed","FUN_140c83ae0"
"14120c678","string","Frpg2RequestMessage.PushRequestSummonMirrorKnightSign",1,"140c8201d","FUN_140c82010"
"14120e420","string","Frpg2PlayerData.PlayerStatus.Phantom_leave_at",1,"140cc9b8d","FUN_140cc9b80"
"14120e490","string","Frpg2PlayerData.PhantomTypeCount",1,"140cc9acd","FUN_140cc9ac0"
"141225e60","string","transformScale",0,"",""
"141227260","string","uvMapScale",0,"",""
"141227340","string","specularMultiplier",0,"",""
"141228ce0","string","HINT_SCALE",0,"",""
"141228cf0","string","HINT_TRANSFORM_AND_SCALE",0,"",""
"14122af70","string","phantomBroadPhaseListener",0,"",""
"14122b0b0","string","criticalOperationsLockCountForPhantoms",0,"",""
"14122b530","string","phantoms",2,"14122a620",""
"14122b560","string","phantomListeners",0,"",""
"14122d828","string","damageMultiplier",1,"141246828",""
"14122de10","string","rollingFrictionMultiplier",0,"",""
"14122e2d0","string","hkpSimpleShapePhantomCollisionDetail",2,"14108dcbd","FUN_14108dcb0"
"14122e2f8","string","!hkpSimpleShapePhantom::CollisionDetail",1,"1415ebcd8",""
"14122e320","string","hkpSimpleShapePhantom",2,"14108dd29","FUN_14108dd20"
"14122e338","string","!hkpSimpleShapePhantom",1,"14108dd42","FUN_14108dd20"
"14122e9d0","string","hkpPhantom",1,"14108e045","FUN_14108e000"
"14122eca0","string","BROAD_PHASE_PHANTOM",0,"",""
"14122f390","string","hkpShapePhantom",1,"14108e675","FUN_14108e630"
"14122f4a8","string","hkpAabbPhantom",2,"14108e755","FUN_14108e710"
"14122f4b8","string","!hkpAabbPhantom",1,"14108e7a2","FUN_14108e780"
"14122f7a8","string","hkpCachingShapePhantom",2,"14108e9b5","FUN_14108e970"
"14122f7c0","string","!hkpCachingShapePhantom",1,"14108ea02","FUN_14108e9e0"
"141234b30","string","extraScale",0,"",""
"1412355d0","string","hkpPhantomCallbackShape",1,"141090f1d","FUN_141090f10"
"141237450","string","scale",0,"",""
"141237898","string","intToFloatScale",0,"",""
"1412378a8","string","floatToIntScale",0,"",""
"141248600","string","shapePhantom",1,"141247340",""
"14124daf8","string","Phantoms",1,"140e3e659","FUN_140e3df70"
"1412513f8","string","DYNAMIC_SCALES",0,"",""
"141251498","string","staticScaleTolerance",0,"",""
"141251508","string","dynamicScaleTolerance",0,"",""
"141251588","string","firstFloatBlockScaleAndOffsetIndex",0,"",""
"1412517f0","string","scaleTolerance",0,"",""
"141251e70","string","scaleDegree",0,"",""
"141252070","string","scaleQuantizationType",0,"",""
"141252e88","string","Reference Scales:       ",1,"140e56994","FUN_140e55df0"
"141252ef8","string","Static Scales:         ",1,"140e56aec","FUN_140e55df0"
"141252f58","string","Dynamic Scales:        ",1,"140e56c38","FUN_140e55df0"
"1412531a0","string","Quantization may be limiting scale quality.  If artifacts are visible, try increasing the number of scale quantization bits.",1,"140e581d4","FUN_140e58090"
"141253e40","string","This gain dampens the velocities of the bodies. The current velocity of the body is scaled by this parameter on every frame before the controller is applied. It is applied every step and is generally more aggressive than standard linear or angular damping. A value of 0 means no damping.",1,"1412537e8",""
"1412541b0","string","The position difference is scaled by the inverse delta time to compute a velocity to be applied to the rigid body. The velocity is first clamped to this limit before it is applied.",1,"141253908",""
"141254270","string","The orientation difference is scaled by the inverse delta time to compute an angular velocity to be applied to the rigid body. The velocity is first clamped to this limit before it is applied.",1,"141253950",""
"141254340","string","This gain allows for precise matching between keyframes and the current position. It works like the m_positionGain: it calculates an optimal deltaVelocity, scales it by m_snapGain, clips it against m_snapMaxXXXVelocity and scales it down if the implied positional difference is larger than m_snapMaxXXXXDistance.",1,"141253998",""
"1412577d0","string","SCALE_NORMAL_IGNORE",0,"",""
"1412577e8","string","SCALE_NORMAL_APPLY",0,"",""
"141257800","string","SCALE_NORMAL_INVERT",0,"",""
"141257818","string","ScaleNormalBehaviour",3,"1412577a8",""
"141257850","string","scaleNormalBehaviour",0,"",""
"14125b908","string","localToMapScale",0,"",""
"141266578","string","offsetAndScale",1,"141266460",""
"141267508","string","PHANTOM_CALLBACK",0,"",""
"141560348","char[32]",".?AVFeSceneSummonSignWindow@@",0,"",""
"141560380","char[80]",".?AV?$FeFunctorJob@U?$JOB_MEMBER_FUNCTOR_ARG0@VFeSceneSummonSignWindow@@X@@@@",0,"",""
"14156a340","char[32]",".?AVEventBossBattleManager@@",0,"",""
"14156a5c0","char[56]",".?AVEventResidentAction_GetItem_BlackPhantomKillCount@@",0,"",""
"14156a708","char[32]",".?AVPXPhantomOverlapListener@@",0,"",""
"14156a738","char[40]",".?AVEventPointChrInsideCheckListener@@",0,"",""
"14156a778","char[40]",".?AVEventPointChrInsideCheckManager@@",0,"",""
"14156a7d0","char[32]",".?AVEventPhantomReturn@@",0,"",""
"14156d4c0","char[32]",".?AVMapGeneralPhantomLocation@@",0,"",""
"14156dcf0","char[72]",".?AV?$DLRuntimeClassImpl@VMapGeneralPhantomLocation@@$0A@@DLRF@@",0,"",""
"14156ecb8","char[32]",".?AVISummonSignSetCtrl@@",0,"",""
"14156ece8","char[24]",".?AVSummonSignSetCtrl@@",0,"",""
"14156ed10","char[40]",".?AV?$TSignSet@VSummonSignParam@@@@",0,"",""
"141575818","char[32]",".?AVNetNpcPhantomDirection@@",0,"",""
"141575848","char[40]",".?AVNetNpcPhantomDirection_HOST@@",0,"",""
"141575880","char[40]",".?AVNetNpcPhantomDirection_GUSET@@",0,"",""
"1415758b8","char[32]",".?AVNetNpcPhantomManager@@",0,"",""
"1415758e8","char[32]",".?AVNetNpcPhantomGenerateSync@@",0,"",""
"141575918","char[32]",".?AVNetNpcPhantomDeadSync@@",0,"",""
"141577b78","char[32]",".?AVNetSvrBreakInSummonJob@@",0,"",""
"141577ba8","char[32]",".?AVNetSvrSummonJobBase@@",0,"",""
"1415780d8","char[32]",".?AVNetSvrPreviewChrManager@@",0,"",""
"141578170","char[128]",".?AV?$MethodCallJob@U?$CallContainer0@VNetSvrPreviewChrManager@@X@CallMemberFunctionJob@NetJob@@@CallMemberFunctionJob@NetJob@@",0,"",""
"141579280","char[128]",".?AV?$MethodCallJob@U?$CallContainer0@VNetSummonManager@@X@CallMemberFunctionJob@NetJob@@@CallMemberFunctionJob@NetJob@@",0,"",""
"1415793f8","char[40]",".?AVINetSvrSummonSignInterface@@",0,"",""
"141579570","char[216]",".?AVNetSvrCreateSummonSignJob@?4??CreateSummonSign@NetSvrMirrorKnightSignInterface@@UEAAPEAVINetSvrJob@@IAEBUCellAddress@Frpg2Sv@@AEBUMatchingParameter@5@W4Frpg2SignType@5@AEBUNetSvrSummonSignAppData@@PEAI@Z@",0,"",""
"141579660","char[128]",".?AVNetSvrUpdateSummonSignJob@?8??UpdateSummonSign@NetSvrMirrorKnightSignInterface@@UEAAPEAVINetSvrJob@@AEBUSUMMON_SIGN_ID@@@Z@",0,"",""
"1415796f0","char[128]",".?AVNetSvrRemoveSummonSignJob@?8??RemoveSummonSign@NetSvrMirrorKnightSignInterface@@UEAAPEAVINetSvrJob@@AEBUSUMMON_SIGN_ID@@@Z@",0,"",""
"141579780","char[160]",".?AVNetSvrRejectSummonSignJob@?8??RejectSummonSign@NetSvrMirrorKnightSignInterface@@UEAAPEAVINetSvrJob@@AEBUSUMMON_SIGN_ID@@IW4Frpg2RejectCode@Frpg2Sv@@@Z@",0,"",""
"141579830","char[224]",".?AVNetSvrGetSummonSignListJob@?5??CreateGetMirrorKnightSignListJob@NetSvrMirrorKnightSignInterface@@QEAAPEAVINetSvrJob@@IAEBUMatchingParameter@Frpg2Sv@@PEAV?$Frpg2Vector@USignData@Frpg2ClientLib@@@Frpg2ClientLib@@@Z@",0,"",""
"141579920","char[184]",".?AVNetSvrSummonSummonSignJob@?4??CreateSummonMirrorKnightSignJob@NetSvrMirrorKnightSignInterface@@QEAAPEAVINetSvrJob@@USignInfo@Frpg2Sv@@AEBUNetSvrSummonSignSessionAppData@@@Z@",0,"",""
"141579c68","char[40]",".?AVNetSvrMirrorKnightSignSummonJob@@",0,"",""
"14157ac00","char[32]",".?AVNetSvrSummonSignInterface@@",0,"",""
"14157ad30","char[208]",".?AVNetSvrCreateSummonSignJob@?8??CreateSummonSign@NetSvrSummonSignInterface@@UEAAPEAVINetSvrJob@@IAEBUCellAddress@Frpg2Sv@@AEBUMatchingParameter@5@W4Frpg2SignType@5@AEBUNetSvrSummonSignAppData@@PEAI@Z@",0,"",""
"14157ae10","char[128]",".?AVNetSvrUpdateSummonSignJob@?8??UpdateSummonSign@NetSvrSummonSignInterface@@UEAAPEAVINetSvrJob@@AEBUSUMMON_SIGN_ID@@@Z@",0,"",""
"14157aea0","char[128]",".?AVNetSvrRemoveSummonSignJob@?8??RemoveSummonSign@NetSvrSummonSignInterface@@UEAAPEAVINetSvrJob@@AEBUSUMMON_SIGN_ID@@@Z@",0,"",""
"14157af30","char[152]",".?AVNetSvrRejectSummonSignJob@?8??RejectSummonSign@NetSvrSummonSignInterface@@UEAAPEAVINetSvrJob@@AEBUSUMMON_SIGN_ID@@IW4Frpg2RejectCode@Frpg2Sv@@@Z@",0,"",""
"14157afe0","char[296]",".?AVNetSvrGetSummonSignListJob@?8??GetSummonSignList@NetSvrSummonSignInterface@@UEAAPEAVINetSvrJob@@IAEBV?$Frpg2Vector@USignCellGetInfo@Frpg2ClientLib@@@Frpg2ClientLib@@IAEBUMatchingParameter@Frpg2Sv@@_N2PEAV?$Frpg2Vector@USignInfo@Frpg2Sv@@@5@PEAV?$Frpg2Vector@USignData@Frpg2ClientLib@@@5@@Z@",0,"",""
"14157b120","char[176]",".?AVNetSvrSummonSummonSignJob@?8??SummonSummonSign@NetSvrSummonSignInterface@@QEAAPEAVINetSvrJob@@IAEBUCellAddress@Frpg2Sv@@USignInfo@5@AEBUNetSvrSummonSignSessionAppData@@@Z@",0,"",""
"14157b1e0","char[296]",".?AV?$DLMemFunHandler@V?$DLFunctor@XU?$DLTypeList@W4CallbackType@Frpg2Sign@Frpg2ClientLib@@U?$DLTypeList@PEBXU?$DLTypeList@_KVDLNullType@DLUT@@@TypeList@DLUT@@@TypeList@DLUT@@@TypeList@DLUT@@VFrpg2MemoryObjectModel@Frpg2ClientLib@@@DLUT@@PEAVNetSvrSummonSignInterface@@P83@EAAXIPEBX_K@Z@DLUTD@@",0,"",""
"14157b440","char[32]",".?AVINetSvrSummonSignReceiver@@",0,"",""
"14157b470","char[32]",".?AVNetSvrSummonSignManager@@",0,"",""
"14157b4a0","char[40]",".?AVNetSvrSummonSignPushNotifyBuffer@@",0,"",""
"14157b4d8","char[32]",".?AVNetSvrSummonSignSummonJob@@",0,"",""
"14157bc68","char[32]",".?AVNetSvrVisitorSummonJob@@",0,"",""
"14157c1f8","char[40]",".?AVNetSummonAcceptMultiplayCtrl@@",0,"",""
"14157c230","char[32]",".?AVNetSummonSlotAreaManager@@",0,"",""
"14157c260","char[160]",".?AVCreatePhantomSensingBulletJob@?4??CreatePhantomSensingBullet@NetSummonJobFactory@@YAPEAVINetSvrJob@@MEEAEBV?$DLFixedVector@VNetPhantomId@@$04$0A@@DLUT@@@Z@",0,"",""
"14157c320","char[40]",".?AVNetSummonJoinMultiplayCtrl@@",0,"",""
"14157c358","char[32]",".?AVNetSummonPacketCtrl@@",0,"",""
"14157c388","char[24]",".?AVNetSummonSlotCtrl@@",0,"",""
"14157f688","char[24]",".?AVChrBodyScale@@",0,"",""
"141582740","char[64]",".?AV?$DLRuntimeClassImpl@VMapPhantomComponent@@$0A@@DLRF@@",0,"",""
"141583ba0","char[80]",".?AV?$DLRuntimeClassImpl@VGameEntityPhantomEventNotifyInterface@@$0A@@DLRF@@",0,"",""
"1415843c0","char[32]",".?AVEventPacketBossBattleCtrl@@",0,"",""
"141584d20","char[40]",".?AVEventConditionEvent_IsBossBattle@@",0,"",""
"141584d58","char[40]",".?AVEventConditionEvent_IsBossKill@@",0,"",""
"141584fe0","char[56]",".?AVEventConditionMap_IsPlayerInsideMultiPlayZone@@",0,"",""
"141585028","char[48]",".?AVEventConditionMap_IsPlayerInsideMap@@",0,"",""
"1415857a0","char[48]",".?AVEventConditionSystem_CompareBossBattleId@@",0,"",""
"141588568","char[24]",".?AVNetEnemyManager@@",0,"",""
"14158e568","char[48]",".?AVRequestSummonSign@Frpg2RequestMessage@@",0,"",""
"14158e5b0","char[48]",".?AVPushRequestSummonSign@Frpg2RequestMessage@@",0,"",""
"14158ea70","char[56]",".?AVRequestSummonMirrorKnightSign@Frpg2RequestMessage@@",0,"",""
"14158eac0","char[64]",".?AVPushRequestSummonMirrorKnightSign@Frpg2RequestMessage@@",0,"",""
"14158ffa0","char[40]",".?AVPhantomTypeCount@Frpg2PlayerData@@",0,"",""
"141593f88","char[40]",".?AVhkpPhantomBroadPhaseListener@@",0,"",""
"141594250","char[24]",".?AVhkpPhantom@@",0,"",""
"141594398","char[32]",".?AVhkpPhantomOverlapListener@@",0,"",""
"141594620","char[24]",".?AVhkpAabbPhantom@@",0,"",""
"141594648","char[24]",".?AVhkpShapePhantom@@",0,"",""
"1415de420","char[32]",".?AVGXDepthScaleFilter@@",0,"",""
"1415de690","char[24]",".?AVGXMSAAScaleRender@@",0,"",""
"1415df490","char[24]",".?AVPXBulletPhantom@@",0,"",""
"1415df548","char[32]",".?AVPXSimpleShapePhantom@@",0,"",""
"1415df578","char[16]",".?AVPXPhantom@@",0,"",""
"1415df5a0","char[64]",".?AVInternalPhantomOverlapListener@PXSimpleShapePhantom@@",0,"",""
"1415dfd58","char[24]",".?AVPXAabbPhantom@@",0,"",""
"1415e43a0","char[56]",".?AVRequestSummonSignResponse@Frpg2RequestMessage@@",0,"",""
"1415e4a30","char[64]",".?AVRequestSummonMirrorKnightSignResponse@Frpg2RequestMessage@@",0,"",""
"1415e5690","char[56]",".?AVPlayerStatus_Phantom_leave_at@Frpg2PlayerData@@",0,"",""
"1415ead70","char[32]",".?AVhkpSimpleShapePhantom@@",0,"",""
"1415ec008","char[32]",".?AVhkpCachingShapePhantom@@",0,"",""
"1415ec390","char[64]",".?AVMtPhantomBroadPhaseListener@hkpMultiThreadedSimulation@@",0,"",""
"1415ee8d0","char[24]",".?AVhkpPhantomAgent@@",0,"",""
"1415f2220","char[32]",".?AVhclBroadPhasePhantom@@",0,"",""
