address,type,value,xref_count,first_xref
"1410ac8d0","string","N:\FRPG2_64\Source\dantelion2_steam\dist\include_utf8\dantelion2/Core/Kernel/Spec/Win32/TLS.h",920,"14041fa81"
"1410acba0","string","N:\FRPG2_64\Source\dantelion2_steam\dist\include_utf8\dantelion2/Core/Util/DLFixedVector.inl",2361,"14013f8e2"
"1410ae4d0","string","N:\FRPG2_64\Source\dantelion2_steam\dist\include_utf8\dantelion2/Core/Kernel/DLFixedStdAllocator.inl",215,"14001fb3b"
"1410afa68","string","steamid",2,"14051c7ef"
"1410c4f90","string","Regulation",1,"1401c3501"
"1410c5560","string","MapHitConnectComponent",2,"141071f15"
"1410c5578","unicode","MapHitConnectComponent",2,"141071f20"
"1410c7890","string","N:\FRPG2_64\Source\dantelion2_steam\dist\include_utf8\dantelion2/Core/Util/DLVector.inl",11,"140bdf1fb"
"1410c8db0","string","MapGeneralPhantomLocation",2,"141073035"
"1410c8dd0","unicode","MapGeneralPhantomLocation",2,"141073040"
"1410d3100","string","N:\FRPG2_64\Source\dantelion2_steam\dist\include_utf8\dantelion2/Core/Kernel/DLDefaultHeapStrategy.inl",3,"14027868b"
"1410d3170","string","N:\FRPG2_64\Source\dantelion2_steam\dist\include_utf8\dantelion2/Core/Kernel/DLBiHeapStrategy.inl",2,"14027866b"
"1410d4ab0","unicode","frpg2-steam64-ope-login.fromsoftware-game.net",1,"14028a020"
"1410d6540","string","..\..\Source\Network\Server\SummonSign\NetSvrSummonSignUtil.cpp",2,"1402a7416"
"1410d9c80","string","RegulationResourceObject",2,"141074245"
"1410d9ca0","unicode","RegulationResourceObject",2,"141074250"
"1410d9d48","string","RegulationResourceObject_NoApply",2,"141074285"
"1410d9d70","unicode","RegulationResourceObject_NoApply",2,"141074290"
"1410d9e28","string","ParamFileResourceObject_ForRegulation",2,"1410742c5"
"1410d9e50","unicode","ParamFileResourceObject_ForRegulation",2,"1410742d0"
"1410d9f08","string","EventMakerExResourceObject_ForRegulation",2,"141074305"
"1410d9f40","unicode","EventMakerExResourceObject_ForRegulation",2,"141074310"
"1410da008","string","MessageResourceObject_ForRegulation",2,"141074345"
"1410da030","unicode","MessageResourceObject_ForRegulation",2,"141074350"
"1410da538","string","User.Privilege.MultiplayerSessions",1,"1402e86fb"
"1410e17f8","unicode","NpcPhantom_c%06d",1,"14035641b"
"1410e1878","unicode","NpcPhantom_c%d",1,"140356797"
"1410e6a50","string","AttackOnline",2,"1403a4d22"
"1410eb700","string","MapPhantomComponent",2,"141075465"
"1410eb718","unicode","MapPhantomComponent",2,"141075470"
"1410ee698","string","GameEntityPhantomEventNotifyInterface",2,"141075f95"
"1410ee6c0","unicode","GameEntityPhantomEventNotifyInterface",2,"141075fa0"
"1410f2080","unicode","ChrNetworkPhantomParam",2,"14048b9c5"
"1410f20b0","unicode","ChrNetworkPhantomSoulRateParam",2,"14048b9d3"
"1410f2918","unicode","BloodMessageSentence",1,"141585ee0"
"1410f2948","unicode","BloodMessageWordCategory",1,"141585ee8"
"1410f2980","unicode","BloodMessageWord",1,"141585ef0"
"1410f29a8","unicode","BloodMessageConjunction",1,"141585ef8"
"1410f2af0","unicode","text:/Text/%s/regulation.fmg",1,"14048c84e"
"1410f3c80","unicode","param:/ChrPhantomParam.param",1,"14048c980"
"1410f3d48","unicode","title:/enc_regulation.bnd.dcx",1,"14048cb30"
"1410f3e00","unicode","param:/OnlineEventParam.param",1,"14048ca40"
"1410fb928","unicode","SessionUdpTraffic",2,"140521c8d"
"14110abd8","string","nodeShareUpdateConnectionsNULL",1,"14060803f"
"14110abf8","string","nodeShareUpdateConnectionsChildren",1,"140608055"
"14110ac20","string","nodeShareUpdateConnectionsChildrenInputCPs",1,"14060806b"
"14110ac50","string","nodeShareUpdateConnectionsChildrenOptionalInputCPs",1,"140608081"
"14110ac90","string","nodeShareUpdateConnectionsChildren1CompulsoryManyOptionalInputCPs",1,"140608097"
"14110ace0","string","nodeShareUpdateConnectionsChildren2CompulsoryManyOptionalInputCPs",1,"1406080ad"
"14110ad28","string","nodeShareUpdateConnections1Child1InputCP",1,"1406080c3"
"14110ad58","string","nodeShareUpdateConnections1Child1OptionalInputCP",1,"1406080d9"
"14110ad90","string","nodeShareUpdateConnections1Child2OptionalInputCP",1,"1406080ef"
"14110adc8","string","nodeBlend2SyncEventsAdditiveUpdateConnections",1,"140608105"
"14110adf8","string","nodeBlend2SyncEventsUpdateConnections",1,"14060811b"
"14110ae20","string","nodeBlend2AdditiveUpdateConnections",1,"140608131"
"14110ae48","string","nodeBlend2UpdateConnections",1,"140608147"
"14110ae68","string","nodeSubtractiveBlendUpdateConnections",1,"14060815d"
"14110ae90","string","nodeSubtractiveBlendSyncEventsUpdateConnections",1,"140608173"
"14110aec0","string","nodeFeatherBlend2UpdateConnectionsFixBlendWeight",1,"140608189"
"14110aef8","string","nodeFeatherBlend2SyncEventsUpdateConnectionsFixBlendWeight",1,"14060819f"
"14110af38","string","nodeBlendNUpdateConnections",1,"1406081b5"
"14110af58","string","nodeScatterBlend1DOfflineUpdateConnections",1,"1406081cb"
"14110af88","string","nodeScatterBlend1DUpdateConnections",1,"1406081e1"
"14110afb0","string","nodeScatterBlend2DOfflineUpdateConnections",1,"1406081f7"
"14110afe0","string","nodeScatterBlend2DUpdateConnections",1,"14060820d"
"14110b008","string","nodeBlend2x2UpdateConnections",1,"140608223"
"14110b028","string","nodeBlend2x2SyncEventsUpdateConnections",1,"140608239"
"14110b050","string","nodeBlendNxMUpdateConnections",1,"14060824f"
"14110b070","string","nodeBlendAllUpdateConnections",1,"140608265"
"14110b090","string","nodeTwoBoneIKUpdateConnections",1,"14060827b"
"14110b0b0","string","nodeLockFootUpdateConnections",1,"140608291"
"14110b0d0","string","nodeStateMachineUpdateConnections",1,"1406082a7"
"14110b0f8","string","nodePredictiveUnevenTerrainUpdateConnections",1,"1406082bd"
"14110b128","string","nodeClosestAnimUpdateConnections",1,"1406082d3"
"14110b150","string","nodeTransitUpdateConnections",1,"1406082e9"
"14110b170","string","nodeTransitSyncEventsUpdateConnections",1,"1406082ff"
"14110b198","string","nodeSwitchUpdateConnections",1,"140608315"
"14110b1b8","string","nodeSequenceUpdateConnections",1,"14060832b"
"14110b1d8","string","nodeRetargetUpdateConnections",1,"140608341"
"14110b1f8","string","nodeScaleCharacterUpdateConnections",1,"140608357"
"14110b220","string","nodeExtractJointInfoJointSelectUpdateConnections",1,"14060836d"
"14110b258","string","nodeCCOverrideUpdateConnections",1,"140608383"
"14110b278","string","nodeAnimSyncEventsUpdateConnections",1,"140608399"
"14110b2a0","string","nodeFreezeUpdateConnections",1,"1406083af"
"141121620","string","RequestStatusForGetConnectSessionKey",1,"1406ca9e0"
"1411254d8","string","LtUpdateFilterOnPhantom",2,"1406f2d18"
"141125550","string","Stphantom",2,"1406f26d6"
"1411277c8","string","TtrcPhantom",4,"1407198b6"
"1411277d8","string","TthkpAabbPhantom::linearCast",2,"140719ae1"
"141128e78","string","hkcdShapeType::PHANTOM_CALLBACK",1,"1407285d9"
"1411491f0","unicode","SetConnectionNumMax",1,"14107e981"
"141149218","string","SetConnectionNumMax",1,"14107e988"
"141150468","string","User.OnlineName",1,"1408ec660"
"141150540","string","User.Privilege.MultiplayerSessions",1,"1408ed394"
"141160de0","unicode","CS_DISCONNECT",0,""
"141160e00","unicode","CS_CONNECT_LISTEN",0,""
"141160e28","unicode","CS_CONNECT_REQ",0,""
"141160e48","unicode","CS_CONNECTING",0,""
"141160e68","unicode","CS_CONNECTING_RECV_SYN",0,""
"141160e98","unicode","CS_CONNECTING_RECV_ACK",0,""
"141160ec8","unicode","CS_CONNECT_REFUSED",0,""
"141160ef0","unicode","CS_CONNECTED",0,""
"141160f10","unicode","CS_DISCONNECTING",0,""
"141160f38","unicode","CS_DISCONNECTING_S_FIN",0,""
"141160fb0","unicode","CS_DISCONNECTING_USER_CLOSE_WAIT",0,""
"141160ff8","unicode","CS_FORCE_DISCONNECTING",0,""
"141161040","unicode","CS_DISCONNECTING_S_FIN_ACK_R_FIN_ACK",0,""
"141161090","unicode","CS_DISCONNECTING_S_FIN_ACK_R_FIN",0,""
"1411610d8","unicode","CS_DISCONNECTING_S_FIN_R_ACK",0,""
"141161118","unicode","CS_DISCONNECTING_S_ACK_R_FIN",0,""
"141161190","unicode","CS_DISCONNECTING_S_ACK_R_FIN_USER_CLOSE_WAIT",0,""
"141180e10","string","DSP connection error.  Connection possibly caused a cyclic dependancy.  Or tried to connect a tree too many units deep (more than 128). ",1,"1409dd107"
"141180eb0","string","DSP Format error.  A DSP unit may have attempted to connect to this network with the wrong format. ",1,"1409dd10f"
"141180f20","string","DSP connection error.  Couldn't find the DSP unit specified. ",1,"1409dd117"
"141180f60","string","DSP error.  Cannot perform this operation while the network is in the middle of running.  This will most likely happen if a connection or disconnection is attempted in a DSP callback. ",1,"1409dd11f"
"141181020","string","DSP connection error.  The unit being connected to or disconnected should only have 1 input or output. ",1,"1409dd127"
"141181d80","string","Couldn't connect to the specified host. ",1,"1409dd28f"
"141181e90","string","Operation could not be performed because specified sound/DSP connection is not ready. ",1,"1409dd2af"
"141184960","string","DSP connection error.  Connection possibly caused a cyclic dependancy.  Or tried to connect a tree too many units deep (more than 128). ",0,""
"1411849f0","string","DSP Format error.  A DSP unit may have attempted to connect to this network with the wrong format. ",0,""
"141184a58","string","DSP connection error.  Couldn't find the DSP unit specified. ",0,""
"141184aa0","string","DSP error.  Cannot perform this operation while the network is in the middle of running.  This will most likely happen if a connection or disconnection is attempted in a DSP callback. ",0,""
"141184b60","string","DSP connection error.  The unit being connected to or disconnected should only have 1 input or output. ",0,""
"1411858e0","string","Couldn't connect to the specified host. ",0,""
"1411859f0","string","Operation could not be performed because specified sound/DSP connection is not ready. ",0,""
"141187a58","string","FMOD_OPENSTATE_CONNECTING",1,"1415badb8"
"1411895a0","string","DSP connection error.  Connection possibly caused a cyclic dependancy.  Or tried to connect a tree too many units deep (more than 128). ",1,"140a02ab7"
"141189630","string","DSP Format error.  A DSP unit may have attempted to connect to this network with the wrong format. ",1,"140a02abf"
"141189698","string","DSP connection error.  Couldn't find the DSP unit specified. ",1,"140a02ac7"
"1411896e0","string","DSP error.  Cannot perform this operation while the network is in the middle of running.  This will most likely happen if a connection or disconnection is attempted in a DSP callback. ",1,"140a02acf"
"1411897a0","string","DSP connection error.  The unit being connected to or disconnected should only have 1 input or output. ",1,"140a02ad7"
"14118a520","string","Couldn't connect to the specified host. ",1,"140a02c3f"
"14118a630","string","Operation could not be performed because specified sound/DSP connection is not ready. ",1,"140a02c5f"
"141197fe0","unicode","..\..\source\matching\NRSessionSearchResult.cpp",1,"140a3f312"
"141198070","unicode","..\..\source\matching\NRSessionSearchResult.cpp",0,""
"141198200","unicode","..\..\source\matching\NRSessionSearchResult.cpp",1,"140a3f504"
"141198370","unicode","..\..\source\matching\NRSessionSearchResult.cpp",1,"140a3f60a"
"141198530","unicode","..\..\source\matching\NRSessionSearchResult.cpp",1,"140a3eeee"
"1411985c0","unicode","..\..\source\matching\NRSessionSearchResult.cpp",1,"140a3ef6b"
"141198650","unicode","..\..\source\matching\NRSessionSearchResult.cpp",0,""
"1411986e0","unicode","..\..\source\matching\NRSessionSearchResult.cpp",0,""
"141198770","unicode","..\..\source\matching\NRSessionSearchResult.cpp",1,"140a3ed0e"
"141198820","unicode","..\..\source\matching\NRSessionSearchResult.cpp",1,"140a3ed83"
"141198960","unicode","..\..\source\matching\NRSessionSearchResult.cpp",1,"140a3fb28"
"14119c9c2","unicode","OnlineID    :%s",0,""
"14119c9ea","unicode","OnlineName  :%s",0,""
"14119cb82","unicode","OnlineID=%s Player=%s %s",0,""
"14119cca0","string","Create OnlineIDDataManager Failed.",1,"140a4b1f9"
"14119cfb4","unicode","SessionId=%d",0,""
"14119cff8","unicode"," SessionId=%d",0,""
"14119d06c","unicode","sessionID=%d reason=%d",0,""
"14119d0c4","unicode"," missCount=%d SessionId=%d",0,""
"14119d156","unicode"," SessionId=%d",0,""
"14119d21a","unicode","SessionId=%d",0,""
"14119d35a","unicode","State=%d SessionId=%d",0,""
"14119d3ac","unicode","sessionID=%d reason=%d error=1",0,""
"14119d41c","unicode","SessionId=%d",0,""
"14119d4c0","unicode","SessionId=%d",0,""
"14119d508","unicode"," SessionId=%d",0,""
"14119d590","unicode","SessionId=%d",0,""
"14119d602","unicode","SessionId=%d",0,""
"14119d63c","unicode","sessionID=%d",0,""
"14119d6c2","unicode","SessionId=%d",0,""
"14119d7b4","unicode","SessionId=%d",0,""
"14119d7fc","unicode","SessionId=%d",0,""
"14119d834","unicode","sessionID=%d",0,""
"14119d89c","unicode","SessionId=%d",0,""
"14119d9dc","unicode","SessionId=%d",0,""
"14119da50","unicode","SessionId=%d",0,""
"14119db4c","unicode","SessionId=%d",0,""
"14119dbc4","unicode","SessionId=%d",0,""
"14119dbfc","unicode","sessionID=%d",0,""
"14119dc72","unicode","SessionId=%d",0,""
"14119dcec","unicode","SessionId=%d",0,""
"14119ddf2","unicode","SessionId=%d Time=%I64d",0,""
"14119de30","unicode","..\..\source\matching\SessionLight.cpp",1,"140a4ebda"
"14119deea","unicode","To<%s> SessionId=%d",0,""
"14119df78","unicode","SessionId=%d",0,""
"14119dfd4","unicode","SessionId=%d",0,""
"14119e018","unicode","missCount=%d SessionId=%d",0,""
"14119e178","unicode","2 SessionId=%d",0,""
"14119e1d4","unicode","2 SessionId=%d",0,""
"14119e23c","unicode","To<%s> SessionId=%d",0,""
"14119e2a0","unicode","SessionId=%d",0,""
"14119e2e2","unicode","SessionId=%d",0,""
"14119e4fa","unicode","sessionId=%d",0,""
"14119e558","unicode","player=%s sessionId=%d",0,""
"14119e5da","unicode","sessionId=%d",0,""
"14119e6fc","unicode","sessionID=%d",0,""
"14119e7a8","unicode"," SessionId=%d",0,""
"14119e80a","unicode","Player=<%s> reason=%d SessionId=%d",0,""
"14119e8be","unicode"," SessionId=%d",0,""
"14119e916","unicode","To<%s> reason=%d SessionId=%d",0,""
"14119e988","unicode","sessionID=%d",0,""
"14119e9a8","unicode","m_bSessionState=JOIN&SID=%u",1,"140a528df"
"14119ea88","unicode"," SessionId=%d Time=%I64d",0,""
"14119eb2c","unicode","sessionID=%d",0,""
"14119eb8a","unicode","To<%s> LEAVE<%s> SessionId=%d",0,""
"14119ec00","unicode"," SessionId=%d Time=%I64d",0,""
"14119ec98","unicode"," SessionId=%d Time=%I64d",0,""
"14119ed5e","unicode"," SessionId=%d Time=%I64d",0,""
"14119edb8","unicode","m_bSessionState=JOIN&SID=%u",1,"140a52ac3"
"14119ee0c","unicode","sessionID=%d",0,""
"14119ee7e","unicode"," SessionId=%d",0,""
"14119efcc","unicode","sessionID=%d",0,""
"14119f01c","unicode","SessionId=%d",0,""
"14119f0ca","unicode"," SessionId=%d Time=%I64d",0,""
"14119f1f6","unicode","SessionId=%d",0,""
"14119f23c","unicode","SessionId=%d",0,""
"14119f274","unicode","sessionID=%d",0,""
"14119f316","unicode","SessionId=%d",0,""
"14119f40a","unicode"," SessionId=%d eventCode=%d",0,""
"14119f45c","unicode","sessionID=%d",0,""
"14119f4c6","unicode","SessionId=%d",0,""
"14119f5d4","unicode","sessionID=%d",0,""
"14119f626","unicode"," SessionId=%d Time=%I64d",0,""
"14119f752","unicode"," SessionId=%d",0,""
"14119f770","unicode","Recv ProtocolID_<%d>:FROM=%s SessionId=%d",1,"140a50cb6"
"14119f7e6","unicode"," SessionId=%d",0,""
"14119f840","unicode"," SessionId=%d Time=%I64d",0,""
"14119f91e","unicode"," SessionId=%d",0,""
"14119f97e","unicode"," SessionId=%d",0,""
"14119f9ce","unicode"," SessionId=%d",0,""
"14119fa0c","unicode"," SessionId=%d",0,""
"14119fa68","unicode","FROM=%s SessionId=%d",0,""
"14119fae6","unicode"," SessionId=%d",0,""
"14119fb3e","unicode"," SessionId=%d Time=%I64d",0,""
"14119fb70","unicode","m_bSessionState=LEAVE&SID=%u",1,"140a52d73"
"14119fbd6","unicode"," SessionId=%d",0,""
"14119fc6a","unicode"," SessionId=%d",0,""
"14119fe24","unicode","sessionID=%d",0,""
"14119feac","unicode","sessionID=%d",0,""
"14119ff76","unicode"," SessionId=%d",0,""
"1411a0038","unicode","SessionId=%d",0,""
"1411a008e","unicode"," SessionId=%d",0,""
"1411a00de","unicode","SessionId=%d",0,""
"1411a0146","unicode"," SessionId=%d",0,""
"1411a01cc","unicode","SessionId=%d",0,""
"1411a0236","unicode"," SessionId=%d",0,""
"1411a0304","unicode"," SessionId=%d",0,""
"1411a037c","unicode","sessionID=%d",0,""
"1411a0480","unicode"," SessionId=%d bShow=%d",0,""
"1411a0546","unicode","SessionId=%d",0,""
"1411a062c","unicode","SessionId=%d",0,""
"1411a0664","unicode","%u SessionId=%d",0,""
"1411a0732","unicode"," SessionId=%d bShow=%d",0,""
"1411a07d6","unicode","Member:%d/%d SessionId=%d",0,""
"1411a082c","unicode","sessionID=%d",0,""
"1411a08be","unicode","SessionId=%d",0,""
"1411a0906","unicode"," SessionId=%d",0,""
"1411a0a36","unicode","missCount=%d SessionId=%d",0,""
"1411a0a9c","unicode","SessionId=%d",0,""
"1411a1c80","unicode","..\..\source\surveillance\steam\SteamSurveillance.cpp",0,""
"1411a1e5a","unicode","SteamID:0x%I64x",0,""
"1411a1f80","unicode","..\..\source\surveillance\steam\SteamSurveillance.cpp",0,""
"1411a24e8","unicode","EVENT_LAN_DISCONNECT",1,"140a55d10"
"1411a2518","unicode","EVENT_LAN_CONNECT",1,"140a55d22"
"1411a25a0","unicode","EVENT_CREATE_SESSION",1,"140a55d6a"
"1411a25d0","unicode","EVENT_JOIN_SESSION",1,"140a55d7c"
"1411a25f8","unicode","EVENT_QUICK_JOIN_SESSION",1,"140a55d8e"
"1411a2630","unicode","EVENT_INVITE_SESSION",1,"140a55da0"
"1411a2690","unicode","EVENT_LEAVE_SESSION",1,"140a55dc4"
"1411a2740","unicode","EVENT_SEARCH_SESSION_END",1,"140a55e0c"
"1411a28b8","unicode","EVENT_SHOW_SESSION",1,"140a55e9c"
"1411a28e0","unicode","EVENT_HIDE_SESSION",1,"140a55eae"
"1411a2950","unicode","EVENT_LOAD_SESSION_PROPERTY",1,"140a55ee4"
"1411a2988","unicode","EVENT_STORE_SESSION_PROPERTY",1,"140a55ef6"
"1411a2a60","unicode","EVENT_SESSION_DISAPPEARED",1,"140a55f50"
"1411a2c00","unicode","EVENT_SEARCH_LOBBY_END",1,"140a55fe0"
"1411a2c30","unicode","EVENT_JOIN_LOBBY",1,"140a55ff2"
"1411a2c58","unicode","EVENT_LEAVE_LOBBY",1,"140a56004"
"1411a2c80","unicode","EVENT_GET_LOBBY_MEMBER_INFO",1,"140a56016"
"1411a2e20","unicode","EVENT_INVITE_SESSION_BY_PLAYER",1,"140a5609d"
"1411a3390","unicode","..\..\source\matching\NRLobbyMemberInfo.cpp",0,""
"1411a3420","unicode","..\..\source\matching\NRLobbyMemberInfo.cpp",0,""
"1411a34b0","unicode","..\..\source\matching\NRLobbyMemberInfo.cpp",1,"140a57514"
"1411a3540","unicode","..\..\source\matching\NRLobbyMemberInfo.cpp",1,"140a57587"
"1411a35d0","unicode","..\..\source\matching\NRLobbyMemberInfo.cpp",1,"140a57769"
"1411a3660","unicode","..\..\source\matching\NRLobbyMemberInfo.cpp",1,"140a57805"
"1411a45ba","unicode","sessionId=%d",0,""
"1411a4630","unicode","..\..\source\matching\SessionManager.cpp",1,"140a5b660"
"1411a6bc0","unicode","<%s> Leaved SessionId=%d",1,"140a60d29"
"1411a6c34","unicode","sessionId=%d",0,""
"1411a6cc8","unicode","SessionId=%d MemberId=%d",0,""
"1411a6d20","unicode","sessionId=%d",0,""
"1411a6d60","unicode","sessionId=%d",0,""
"1411a6dae","unicode","sessionId=%d memberId=%d",0,""
"1411a6e0a","unicode","sessionId=%d memberId=%d",0,""
"1411a6e68","unicode"," SessionId=%d MemberId=%d Time=%I64d",0,""
"1411a6f6c","unicode"," SessionId=%d MemberId=%d Time=%I64d",0,""
"1411a6fd0","unicode","Connect to <%s> port=%d type:%s sessionId=%d",0,""
"1411a7040","unicode","Connect to <%s> port=%d type:%s sessionId=%d",0,""
"1411a71cc","unicode"," SessionId=%d MemberId=%d Time=%I64d",0,""
"1411a723c","unicode","SessionId=%d",0,""
"1411a72ac","unicode"," SessionId=%d MemberId=%d",0,""
"1411a7308","unicode"," SessionId=%d MemberId=%d Time=%I64d",0,""
"1411a740c","unicode"," SessionId=%d MemberId=%d Time=%I64d",0,""
"1411a74cc","unicode"," SessionId=%d MemberId=%d Time=%I64d",0,""
"1411a77a0","unicode","..\..\source\matching\SessionManagerRepository.cpp",1,"140a61573"
"1411a7f90","unicode","UserInfo( SteamId=0x%I64x, Name=%s )",1,"140a63ccc"
"1411a82b0","string","SteamPlayerData",2,"141085635"
"1411a82c0","unicode","SteamPlayerData",2,"141085640"
"1411a90f0","unicode","..\..\source\matching\steam\SteamFactory.cpp",1,"140a675ab"
"1411a9180","unicode","..\..\source\matching\steam\SteamFactory.cpp",1,"140a6752d"
"1411a9ce0","unicode","..\..\source\playerdata\steam\SteamOnlineIDDataManager.cpp",1,"140a68e3b"
"1411a9d90","unicode","..\..\source\playerdata\steam\SteamOnlineIDDataManager.cpp",1,"140a68e97"
"1411aaa10","unicode","NWUdpSocketManagerDecideDisconnectionCb ( %d, 0x%I64x )",1,"140a69bc5"
"1411ac5c0","unicode","..\..\source\matching\P2PConnection.cpp",0,""
"1411ac640","unicode","..\..\source\matching\P2PConnection.cpp",0,""
"1411ac790","unicode","CONNECTION_INACTIVE",0,""
"1411ac7b8","unicode","CONNECTION_PENDING",0,""
"1411ac7e0","unicode","CONNECTION_CONNECT_WAIT",0,""
"1411ac810","unicode","CONNECTION_DISCONNECT_WAIT",0,""
"1411ac848","unicode","CONNECTION_ACTIVE",0,""
"1411ac890","unicode","m_nLobbyID=%I64u&LID=%u",0,""
"1411ac948","unicode","Steam",1,"140a6e4e0"
"1411acbb0","unicode","..\..\source\matching\steam\SteamSessionManagerRepository.cpp",1,"140a6ead1"
"1411ad770","unicode"," SessionId=%d",0,""
"1411ad790","unicode","..\..\source\matching\steam\SteamSessionLight.cpp",1,"140a72e61"
"1411ad862","unicode"," SessionId=%d",0,""
"1411ad8b0","unicode","SteamMatchmaking()->LeaveLobby(0x%I64x)",1,"140a7525d"
"1411ad92a","unicode"," SessionId=%d",0,""
"1411ada7c","unicode","SessionId=%d",0,""
"1411adb28","unicode","remoteId=0x%I64x sessionId=%d",0,""
"1411adc16","unicode","MemberSteamId:0x%I64x SessionId:%d",0,""
"1411adc9a","unicode","SessionId=%d Time=%I64d",0,""
"1411adcd0","unicode","..\..\source\matching\steam\SteamSessionLight.cpp",1,"140a754c7"
"1411add8e","unicode","Name=%s SessionId=%d MemberSteamId=0x%I64x",0,""
"1411ade36","unicode","MemberSteamId:0x%I64x SessionId:%d",0,""
"1411adeb6","unicode","SessionId=%d Time=%I64d",0,""
"1411adf30","unicode","NotifyLobbyId:0x%I64x SessionId:%d",0,""
"1411adfa8","unicode","MemberSteamId:0x%I64x SessionId:%d",0,""
"1411ae022","unicode","MemberSteamId:0x%I64x SessionId:%d",0,""
"1411ae10e","unicode","MemberSteamId:0x%I64x SessionId:%d",0,""
"1411ae1be","unicode","SessionId=%d Time=%I64d",0,""
"1411ae218","unicode","MemberSteamId:0x%I64x SessionId:%d",0,""
"1411ae2ca","unicode"," SessionId=%d",0,""
"1411ae2f0","unicode","..\..\source\matching\steam\SteamSessionLight.cpp",1,"140a756f7"
"1411ae3a0","unicode","MemberSteamId:0x%I64x Error:%d SessionId:%d",0,""
"1411ae45e","unicode","MemberSteamId:0x%I64x Name:%s Error:%d SessionId:%d",0,""
"1411ae4e8","unicode"," SessionId=%d",0,""
"1411ae594","unicode"," SessionId=%d",0,""
"1411ae5f2","unicode","MemberSteamId:0x%I64x Error:%d SessionId:%d",0,""
"1411ae67c","unicode","SessionId=%d",0,""
"1411ae6cc","unicode"," SessionId=%d",0,""
"1411ae722","unicode","LobbyId=0x%I64x SessionId=%d",0,""
"1411ae788","unicode"," SessionId=%d",0,""
"1411ae810","unicode","_OnPersonaStateChange > SteamId:0x%I64x flag:0x%x",1,"140a73700"
"1411ae8ac","unicode","SessionId=%d",0,""
"1411ae8d0","unicode","..\..\source\matching\steam\SteamSessionLight.cpp",1,"140a73741"
"1411ae9d2","unicode"," SessionId=%d",0,""
"1411ae9f0","unicode","_OnLobbyChatUpdate > LobbyId:0x%I64x MemberSteamId:0x%I64x flag:0x%x",1,"140a73394"
"1411aeaa6","unicode"," SessionId=%d",0,""
"1411aead0","unicode","..\..\source\matching\steam\SteamSessionLight.cpp",1,"140a733db"
"1411aeb96","unicode"," SessionId=%d",0,""
"1411aebc0","unicode","_OnP2PSessionRequest > SteamId:0x%I64x",1,"140a7362f"
"1411aec50","unicode","MemberSteamId:0x%I64x SessionId:%d",0,""
"1411aeccc","unicode"," SessionId=%d",0,""
"1411aed1c","unicode","MemberSteamId:0x%I64x SessionId:%d",0,""
"1411aedd0","unicode","_OnP2PSessionConnectFail > SteamId:0x%I64x ErrorCode:%d",1,"140a73561"
"1411aee80","unicode","..\..\source\matching\steam\SteamSessionLight.cpp",1,"140a74718"
"1411aef20","unicode","..\..\source\matching\steam\SteamSessionLight.cpp",1,"140a735a9"
"1411af080","unicode"," SessionId=%d",0,""
"1411af0a0","unicode","_OnBeginAuthResponse > SteamId:0x%I64x Result:%d",1,"140a732b0"
"1411af156","unicode","SessionId=%d",0,""
"1411af170","unicode","..\..\source\matching\steam\SteamSessionLight.cpp",1,"140a732f7"
"1411af27a","unicode","SessionId=%d Time=%d",0,""
"1411af2e2","unicode"," SessionId=%d",0,""
"1411af332","unicode","result=%d SessionId=%d",0,""
"1411af3b2","unicode","NewLobbyId=0x%I64x SessionId=%d",0,""
"1411af49e","unicode"," SessionId=%d",0,""
"1411af57a","unicode"," SessionId=%d",0,""
"1411af5d4","unicode","steamId=0x%I64x SessionId=%d",0,""
"1411af64e","unicode"," SessionId=%d",0,""
"1411af6d6","unicode"," SessionId=%d",0,""
"1411af78a","unicode"," SessionId=%d",0,""
"1411af83c","unicode","SessionId=%d",0,""
"1411af892","unicode","LobbyId=0x%I64x SessionId=%d",0,""
"1411af90a","unicode","SessionId=%d",0,""
"1411af97e","unicode","Size=%d SessionId=%d",0,""
"1411af9e0","unicode"," SessionId=%d",0,""
"1411afa40","unicode","Size=%d SessionId=%d",0,""
"1411afab6","unicode","SessionId=%d",0,""
"1411afad0","unicode","..\..\source\matching\steam\SteamSessionLight.cpp",1,"140a71ef6"
"1411afbf2","unicode"," SessionId=%d",0,""
"1411afc74","unicode","TicketSize=%d Result=%d SessionId=%d",0,""
"1411afd1c","unicode","TicketSize=%d SessionId=%d",0,""
"1411afde2","unicode","result=%d SessionId=%d",0,""
"1411afe76","unicode","LobbyId=0x%I64x JoinedLobbyId=0x%I64x SessionId=%d",0,""
"1411aff12","unicode","LobbyId=0x%I64x SessionId=%d",0,""
"1411affde","unicode"," SessionId=%d",0,""
"1411b00aa","unicode"," SessionId=%d",0,""
"1411b00d0","unicode","SteamMatchmaking()->CreateLobby(k_ELobbyTypePublic,%d)=0x%I64x",1,"140a72d76"
"1411b01c4","unicode","steamId=0x%I64x",0,""
"1411b0200","unicode","SteamMatchmaking()->JoinLobby(0x%I64x)=0x%I64x",1,"140a731e4"
"1411b029e","unicode"," SessionId=%d",0,""
"1411b0306","unicode"," SessionId=%d",0,""
"1411b0362","unicode","Player=%s SteamId=0x%I64x SessionId=%d",0,""
"1411b03f0","unicode"," SessionId=%d",0,""
"1411b0542","unicode"," Online ID   : %s",0,""
"1411b05c2","unicode"," Online Name : %s",0,""
"1411b05f2","unicode"," MemberSteamId: 0x%I64x",0,""
"1411b066e","unicode"," SessionId=%d",0,""
"1411b069a","unicode"," LobbyId: 0x%I64x",0,""
"1411b070c","unicode"," SessionId=%d",0,""
"1411b07d0","unicode","SessionId=%d",0,""
"1411b07f0","unicode","..\..\source\matching\steam\SteamSessionLight.cpp",1,"140a72bab"
"1411b08bc","unicode"," SessionId=%d",0,""
"1411b1392","unicode","lobbyId=0x%I64x",0,""
"1411b14e6","unicode","lobbyId=0x%I64x",0,""
"1411b1540","unicode","lobbyId=0x%I64x",0,""
"1411b1560","unicode","..\..\source\matching\steam\SteamVoiceChat.cpp",1,"140a76924"
"1411b15f0","unicode","..\..\source\matching\steam\SteamVoiceChat.cpp",1,"140a7698f"
"1411b1680","unicode","..\..\source\matching\steam\SteamVoiceChat.cpp",1,"140a769fe"
"1411b1710","unicode","..\..\source\matching\steam\SteamVoiceChat.cpp",1,"140a76a7b"
"1411b17c2","unicode","lobbyId=0x%I64x",0,""
"1411b1812","unicode","lobbyId=0x%I64x",0,""
"1411b1872","unicode","lobbyId=0x%I64x",0,""
"1411b1924","unicode","lobbyId=0x%I64x",0,""
"1411b1984","unicode","lobbyId=0x%I64x",0,""
"1411b1a22","unicode","lobbyId=0x%I64x",0,""
"1411b2710","unicode","..\..\source\matching\steam\SteamSessionMemberLight.cpp",1,"140a7a3b9"
"1411b27ea","unicode","sessionId=%d memberId=%d",0,""
"1411b29b0","unicode","SessionId=%d MemberId=%d SteamId=0x%I64x Result=%d",0,""
"1411b2a4a","unicode","SessionId=%d MemberId=%d Time=%I64d",0,""
"1411b2ace","unicode","SessionId=%d MemberId=%d Time=%I64d",0,""
"1411b2b52","unicode","SessionId=%d MemberId=%d Time=%I64d",0,""
"1411b2bd4","unicode","SessionId=%d MemberId=%d Time=%I64d",0,""
"1411b2c20","unicode","NexusRevolution2.Matching.SteamValidateAuthTicketTimeout",1,"140a7abd8"
"1411b2cc8","unicode","SessionId=%d MemberId=%d AuthTimeout=%I64d Time=%I64d",0,""
"1411b2d78","unicode","SessionId=%d MemberId=%d Time=%I64d",0,""
"1411b2dc0","unicode","GetAuthSessionTicket()=0x%x ticketSize=%d",1,"140a7aca8"
"1411b2e52","unicode","SessionId=%d MemberId=%d Time=%I64d",0,""
"1411b2ed2","unicode","SessionId=%d MemberId=%d Time=%I64d",0,""
"1411b2f58","unicode","SessionId=%d MemberId=%d Result=%d Time=%I64d",0,""
"1411b2fc0","unicode","NexusRevolution2.Matching.SteamValidateAuthTicketTimeout",1,"140a7a9c2"
"1411b3084","unicode","SessionId=%d MemberId=%d Time=%I64d",0,""
"1411b312e","unicode","SessionId=%d MemberId=%d Time=%I64d",0,""
"1411b31ba","unicode","SessionId=%d MemberId=%d Time=%I64d",0,""
"1411b323a","unicode","Name=%s SessionId=%d MemberId=%d Time=%I64d",0,""
"1411b32ca","unicode","Name=%s SessionId=%d MemberId=%d Time=%I64d",0,""
"1411b335c","unicode","SessionId=%d MemberId=%d Time=%I64d",0,""
"1411b33dc","unicode"," SessionId=%d MemberId=%d Time=%I64d",0,""
"1411b3478","unicode","SessionId=%d MemberId=%d Time=%I64d",0,""
"1411b43a8","unicode","CS_DISCONNECT",0,""
"1411b43c8","unicode","CS_CONNECT_LISTEN",0,""
"1411b43f0","unicode","CS_CONNECT_REQ",0,""
"1411b4410","unicode","CS_CONNECTING",0,""
"1411b4430","unicode","CS_CONNECTING_RECV_SYN",0,""
"1411b4460","unicode","CS_CONNECTING_RECV_ACK",0,""
"1411b4490","unicode","CS_CONNECTED",0,""
"1411b44b0","unicode","CS_DISCONNECTING",0,""
"1411b44d8","unicode","CS_DISCONNECTING_S_FIN",0,""
"1411b4550","unicode","CS_DISCONNECTING_S_FIN_ACK_R_FIN",0,""
"1411b4598","unicode","CS_DISCONNECTING_S_FIN_R_ACK",0,""
"1411b45d8","unicode","CS_DISCONNECTING_S_ACK_R_FIN",0,""
"1411b5638","unicode",".sl2",1,"140a8739e"
"1411b5fe8","string","SLSession",2,"140a8c518"
"1411ba6f8","string","ssl_session",1,"1411ba590"
"1411d58d0","string","N:\FRPG2_64\Source\dantelion2_steam\dist\include_utf8\dantelion2/Core/Util/SingletonLifetimePolicies.inl",1,"140af481d"
"1411ef4c0","string","connection_already_in_progress",0,""
"1411ef4f8","string","connection_aborted",0,""
"1411ef510","string","connection_refused",0,""
"1411ef528","string","connection_reset",0,""
"1411ef5c8","string","already_connected",0,""
"1411ef680","string","not_connected",0,""
"1411ef758","string","already connected",0,""
"1411ef7e8","string","connection aborted",0,""
"1411ef800","string","connection already in progress",0,""
"1411ef820","string","connection refused",0,""
"1411ef838","string","connection reset",0,""
"1411efa58","string","not connected",0,""
"14120aeb0","string","Frpg2RequestMessage.GetConnectGameServerPortIdResponse",1,"140c818fd"
"14120b420","string","Frpg2RequestMessage.RequestGetPlayerConnectGameServer",1,"140c82a6d"
"14120b458","string","Frpg2RequestMessage.PlayerConnectServerInfo",1,"140c81bcd"
"14120b488","string","Frpg2RequestMessage.RequestGetPlayerConnectGameServerResponse",1,"140c82a9d"
"14120b4c8","string","Frpg2RequestMessage.RequestGetConnectionCount",1,"140c827cd"
"14120b500","string","Frpg2RequestMessage.RequestGetConnectionCountResponse",1,"140c827fd"
"14120b538","string","Frpg2RequestMessage.RequestDisconnectUser",1,"140c824fd"
"14120b568","string","Frpg2RequestMessage.RequestDisconnectAllUser",1,"140c824cd"
"14120b600","string","Frpg2RequestMessage.RequestCreateBloodstain",1,"140c8237d"
"14120b658","string","Frpg2RequestMessage.RequestGetBloodstainList",1,"140c8270d"
"14120b688","string","Frpg2RequestMessage.RequestGetAreaBloodstainList",1,"140c8261d"
"14120b6c0","string","Frpg2RequestMessage.BloodstainInfo",1,"140c8183d"
"14120b6e8","string","Frpg2RequestMessage.RequestGetBloodstainListResponse",1,"140c8273d"
"14120b9e0","string","session_info",5,"140cbb9f6"
"14120b9f0","string","Frpg2RequestMessage.RequestSummonSign",1,"140c83b1d"
"14120ba18","string","Frpg2RequestMessage.RequestSummonSignResponse",1,"140c83b4d"
"14120ba48","string","Frpg2RequestMessage.PushRequestSummonSign",1,"140c8204d"
"14120bca8","string","Frpg2RequestMessage.BloodMessageData",1,"140c8180d"
"14120bcd0","string","Frpg2RequestMessage.RequestCreateBloodMessage",1,"140c8231d"
"14120bd00","string","Frpg2RequestMessage.RequestCreateBloodMessageResponse",1,"140c8234d"
"14120bd38","string","Frpg2RequestMessage.RequestRemoveBloodMessage",1,"140c837bd"
"14120bd68","string","Frpg2RequestMessage.RequestRemoveBloodMessageResponse",1,"140c837ed"
"14120bda0","string","Frpg2RequestMessage.RequestReentryBloodMessage",1,"140c834bd"
"14120bdd0","string","Frpg2RequestMessage.RequestReentryBloodMessageResponse",1,"140c834ed"
"14120be08","string","Frpg2RequestMessage.BloodMessageCellLimitData",1,"140c817dd"
"14120be38","string","Frpg2RequestMessage.RequestGetBloodMessageList",1,"140c826ad"
"14120be68","string","Frpg2RequestMessage.RequestGetAreaBloodMessageList",1,"140c825ed"
"14120bea0","string","Frpg2RequestMessage.RequestGetBloodMessageListResponse",1,"140c826dd"
"14120bed8","string","Frpg2RequestMessage.RequestEvaluateBloodMessage",1,"140c8252d"
"14120bf08","string","Frpg2RequestMessage.RequestEvaluateBloodMessageResponse",1,"140c8255d"
"14120bf40","string","Frpg2RequestMessage.RequestGetBloodMessageEvaluation",1,"140c8264d"
"14120bf78","string","Frpg2RequestMessage.RequestGetBloodMessageEvaluationResponse",1,"140c8267d"
"14120bfb8","string","Frpg2RequestMessage.PushRequestEvaluateBloodMessage",1,"140c81d7d"
"14120c108","string","Frpg2RequestMessage.RequestGetRegulationFile",1,"140c82bed"
"14120c138","string","Frpg2RequestMessage.RequestGetRegulationFileResponse",1,"140c82c1d"
"14120c170","string","Frpg2RequestMessage.RegulationFileMessage",1,"140c8216d"
"14120c1a0","string","Frpg2RequestMessage.RegulationFileDiffData",1,"140c8213d"
"14120c1d0","string","Frpg2RequestMessage.RegulationFileUpdateMessage",1,"140c8219d"
"14120c200","string","Frpg2RequestMessage.RegulationFileUpdatePushMessage",1,"140c821cd"
"14120c600","string","Frpg2RequestMessage.RequestSummonMirrorKnightSign",1,"140c83abd"
"14120c638","string","Frpg2RequestMessage.RequestSummonMirrorKnightSignResponse",1,"140c83aed"
"14120c678","string","Frpg2RequestMessage.PushRequestSummonMirrorKnightSign",1,"140c8201d"
"14120d128","string","Frpg2RequestMessage.RequestNotifyJoinSession",1,"140c8312d"
"14120d158","string","Frpg2RequestMessage.RequestNotifyJoinSessionResponse",1,"140c8315d"
"14120d190","string","Frpg2RequestMessage.RequestNotifyLeaveSession",1,"140c832dd"
"14120d1c0","string","Frpg2RequestMessage.RequestNotifyLeaveSessionResponse",1,"140c8330d"
"14120d1f8","string","Frpg2RequestMessage.RequestNotifyDisconnectSession",1,"140c8306d"
"14120d230","string","Frpg2RequestMessage.RequestNotifyDisconnectSessionResponse",1,"140c8309d"
"14120d620","string","Frpg2RequestMessage.RequestNotifyOfflineDeathCount",1,"140c8339d"
"14120d658","string","Frpg2RequestMessage.RequestNotifyOfflineDeathCountResponse",1,"140c833cd"
"14120e420","string","Frpg2PlayerData.PlayerStatus.Phantom_leave_at",1,"140cc9b8d"
"14120e490","string","Frpg2PlayerData.PhantomTypeCount",1,"140cc9acd"
"14120ea00","unicode","..\..\Nauru\common\src\Communication\TCPConnection.cpp",8,"140cd4952"
"141210250","unicode","ERROR!!! Updating connection socket was failed...",1,"140cde5fc"
"141210310","unicode","..\..\Nauru\common\src\Communication\TCPConnectionManager.cpp",4,"140cde1b3"
"141211c70","unicode","Nauru.Communication.Connection",0,""
"141219638","unicode","CS_DISCONNECT",1,"140d004bf"
"141219658","unicode","CS_CONNECT_LISTEN",1,"140d004c7"
"141219680","unicode","CS_CONNECT_REQ",1,"140d004cf"
"1412196a0","unicode","CS_CONNECTING",1,"140d004d7"
"1412196c0","unicode","CS_CONNECTING_RECV_SYN",1,"140d004df"
"1412196f0","unicode","CS_CONNECTING_RECV_ACK",1,"140d004e7"
"141219720","unicode","CS_CONNECT_REFUSED",1,"140d004ef"
"141219748","unicode","CS_CONNECTED",1,"140d004f7"
"141219768","unicode","CS_DISCONNECTING",1,"140d004ff"
"141219790","unicode","CS_DISCONNECTING_USER_CLOSE_WAIT",1,"140d00507"
"1412197e0","unicode","CS_DISCONNECTING_S_FIN_ACK_R_FIN_ACK",1,"140d0050f"
"141219830","unicode","CS_DISCONNECTING_S_FIN_ACK_R_FIN",1,"140d00517"
"141219878","unicode","CS_DISCONNECTING_S_FIN_R_ACK",1,"140d0051f"
"1412198b8","unicode","CS_DISCONNECTING_S_FIN",1,"140d00527"
"1412198e8","unicode","CS_DISCONNECTING_S_ACK_R_FIN",1,"140d0052f"
"141219930","unicode","CS_DISCONNECTING_S_ACK_R_FIN_USER_CLOSE_WAIT",1,"140d00537"
"141219990","unicode","CS_FORCE_DISCONNECTING",1,"140d0053f"
"141219b80","unicode","No InputStream in ForceDisconnect.",1,"140d003e1"
"141219bd0","unicode","No OutputStream in ForceDisconnect.",1,"140d00402"
"14121a0d0","unicode","FSDPChannel::Connect() currentStat:%s",1,"140cfd0f1"
"141223088","string","Socket got connection from [%s:%d]
",1,"140d2ae77"
"14122af70","string","phantomBroadPhaseListener",0,""
"14122b0b0","string","criticalOperationsLockCountForPhantoms",0,""
"14122b530","string","phantoms",2,"14122a620"
"14122b560","string","phantomListeners",0,""
"14122e2d0","string","hkpSimpleShapePhantomCollisionDetail",2,"14108dcbd"
"14122e2f8","string","!hkpSimpleShapePhantom::CollisionDetail",1,"1415ebcd8"
"14122e320","string","hkpSimpleShapePhantom",2,"14108dd29"
"14122e338","string","!hkpSimpleShapePhantom",1,"14108dd42"
"14122e9d0","string","hkpPhantom",1,"14108e045"
"14122eca0","string","BROAD_PHASE_PHANTOM",0,""
"14122f390","string","hkpShapePhantom",1,"14108e675"
"14122f4a8","string","hkpAabbPhantom",2,"14108e755"
"14122f4b8","string","!hkpAabbPhantom",1,"14108e7a2"
"14122f7a8","string","hkpCachingShapePhantom",2,"14108e9b5"
"14122f7c0","string","!hkpCachingShapePhantom",1,"14108ea02"
"14122f8a0","string","chainConnectedness",0,""
"1412355d0","string","hkpPhantomCallbackShape",1,"141090f1d"
"141235b08","string","hkpConvexVerticesConnectivity",2,"1410913a9"
"141235b28","string","!hkpConvexVerticesConnectivity",1,"1410913f2"
"141235dc0","string","connectivity",1,"141235c40"
"141248600","string","shapePhantom",1,"141247340"
"14124daf8","string","Phantoms",1,"140e3e659"
"141257f58","string","HCL_SHAPE_TYPE_CONNECTED_MESH",0,""
"141267508","string","PHANTOM_CALLBACK",0,""
"141293930","string","connect error",0,""
"141293a18","string","nbio connect error",0,""
"14129a1d0","string","connect",0,""
"14155877e","string","SteamFriends",0,""
"14155878e","string","SteamAPI_RegisterCallback",0,""
"1415587aa","string","SteamAPI_UnregisterCallback",0,""
"1415587c8","string","SteamApps",0,""
"1415587d4","string","SteamUser",0,""
"1415587de","string","steam_api64.dll",0,""
"14155983c","string","?addInput@DSP@FMOD@@QEAA?AW4FMOD_RESULT@@PEAV12@PEAPEAVDSPConnection@2@@Z",0,""
"141559888","string","?disconnectFrom@DSP@FMOD@@QEAA?AW4FMOD_RESULT@@PEAV12@@Z",0,""
"1415598c4","string","?disconnectAll@DSP@FMOD@@QEAA?AW4FMOD_RESULT@@_N0@Z",0,""
"141559930","string","?getInput@DSP@FMOD@@QEAA?AW4FMOD_RESULT@@HPEAPEAV12@PEAPEAVDSPConnection@2@@Z",0,""
"141559980","string","?getOutput@DSP@FMOD@@QEAA?AW4FMOD_RESULT@@HPEAPEAV12@PEAPEAVDSPConnection@2@@Z",0,""
"1415599d2","string","?setMix@DSPConnection@FMOD@@QEAA?AW4FMOD_RESULT@@M@Z",0,""
"14155a010","string","?setLevels@DSPConnection@FMOD@@QEAA?AW4FMOD_RESULT@@W4FMOD_SPEAKER@@PEAMH@Z",0,""
"14155acd0","string","SteamClient",0,""
"14155acde","string","SteamMatchmaking",0,""
"14155acf2","string","SteamNetworking",0,""
"14155ad04","string","SteamAPI_RegisterCallResult",0,""
"14155ad22","string","SteamAPI_UnregisterCallResult",0,""
"14155ad42","string","SteamAPI_Shutdown",0,""
"14155ad56","string","SteamAPI_RestartAppIfNecessary",0,""
"14155ad78","string","SteamAPI_Init",0,""
"14155ad88","string","SteamUtils",0,""
"14155ad96","string","SteamAPI_RunCallbacks",0,""
"14155adae","string","SteamUserStats",0,""
"141560348","char[32]",".?AVFeSceneSummonSignWindow@@",0,""
"141560380","char[80]",".?AV?$FeFunctorJob@U?$JOB_MEMBER_FUNCTOR_ARG0@VFeSceneSummonSignWindow@@X@@@@",0,""
"141566950","char[40]",".?AVFeRegulationDownloadAndApplyJob@@",0,""
"141566988","char[40]",".?AVFeRegulationMessageAndSaveJob@@",0,""
"1415669c0","char[136]",".?AV?$FeFunctorJobCreator@U?$JOB_CREATOR_MEMFUN_ARG0@VFeRegulationDownloadAndApplyJob@@V?$DLReferencePointer@VFeJob@@@DLUT@@@@@@",0,""
"141566f88","char[40]",".?AVFeSubStateTitleSteamNetworkCheck@@",0,""
"141566fc0","char[40]",".?AVFeSubStateTitlePS3RegulationCheck@@",0,""
"141567060","char[40]",".?AVFeSubStateTitleOnlineCheck@@",0,""
"141567098","char[40]",".?AVFeSubStateOfflineModeWindow@@",0,""
"1415670d0","char[40]",".?AVFeSubStateTitleSetOfflineMode@@",0,""
"141567168","char[48]",".?AVFeSubStateTitleSteamLoadSystemData@@",0,""
"1415672f0","char[40]",".?AVFeSubStateTitleRegulationSave@@",0,""
"141567328","char[48]",".?AVFeSubStateTitleOnlineCheckFailWarn@@",0,""
"14156a5c0","char[56]",".?AVEventResidentAction_GetItem_BlackPhantomKillCount@@",0,""
"14156a708","char[32]",".?AVPXPhantomOverlapListener@@",0,""
"14156a7d0","char[32]",".?AVEventPhantomReturn@@",0,""
"14156aca0","char[40]",".?AVWaitSessionJob@EventResultJob@@",0,""
"14156b9b0","char[64]",".?AV?$CCallback@VGameManagerImp@@USteamShutdown_t@@$0A@@@",0,""
"14156bf18","char[32]",".?AVMapHitConnectComponent@@",0,""
"14156bf48","char[48]",".?AV_ConnectMap@MapHitConnectComponent@@",0,""
"14156bf90","char[64]",".?AV?$DLRuntimeClassImpl@VMapHitConnectComponent@@$0A@@DLRF@@",0,""
"14156d4c0","char[32]",".?AVMapGeneralPhantomLocation@@",0,""
"14156dcf0","char[72]",".?AV?$DLRuntimeClassImpl@VMapGeneralPhantomLocation@@$0A@@DLRF@@",0,""
"14156e8e8","char[32]",".?AVIBloodMessageSetCtrl@@",0,""
"14156e918","char[32]",".?AVBloodMessageSetCtrl@@",0,""
"14156e970","char[40]",".?AV?$TSignSet@VBloodMessageParam@@@@",0,""
"14156e9d0","char[32]",".?AVIBloodstainSetCtrl@@",0,""
"14156ea00","char[24]",".?AVBloodstainPool@@",0,""
"14156ea58","char[24]",".?AVBloodstainSetCtrl@@",0,""
"14156ea80","char[40]",".?AV?$TSignSet@VBloodstainParam@@@@",0,""
"14156ecb8","char[32]",".?AVISummonSignSetCtrl@@",0,""
"14156ece8","char[24]",".?AVSummonSignSetCtrl@@",0,""
"14156ed10","char[40]",".?AV?$TSignSet@VSummonSignParam@@@@",0,""
"141575818","char[32]",".?AVNetNpcPhantomDirection@@",0,""
"141575848","char[40]",".?AVNetNpcPhantomDirection_HOST@@",0,""
"141575880","char[40]",".?AVNetNpcPhantomDirection_GUSET@@",0,""
"1415758b8","char[32]",".?AVNetNpcPhantomManager@@",0,""
"1415758e8","char[32]",".?AVNetNpcPhantomGenerateSync@@",0,""
"141575918","char[32]",".?AVNetNpcPhantomDeadSync@@",0,""
"141575ae0","char[32]",".?AVNetSvrBloodMessageHistory@@",0,""
"141575b50","char[40]",".?AVNetSvrBloodMessageInterface@@",0,""
"141575b90","char[240]",".?AV?$DLFunctorImpl@XU?$DLTypeList@W4CallbackType@Frpg2BloodMessage@Frpg2ClientLib@@U?$DLTypeList@PEBXU?$DLTypeList@_KVDLNullType@DLUT@@@TypeList@DLUT@@@TypeList@DLUT@@@TypeList@DLUT@@VFrpg2MemoryObjectModel@Frpg2ClientLib@@@DLUTD@@",0,""
"141575cf0","char[176]",".?AVNetSvrCreateBloodMessageJob@?8??CreateBloodMessage@NetSvrBloodMessageInterface@@QEAAPEAVINetSvrJob@@IAEBUCellAddress@Frpg2Sv@@IAEBUNetSvrBloodMessageAppData@@PEAI@Z@",0,""
"141575e00","char[144]",".?AVNetSvrReentryBloodMessageJob@?8??ReentryBloodMessage@NetSvrBloodMessageInterface@@QEAAPEAVINetSvrJob@@IAEBUCellAddress@Frpg2Sv@@I@Z@",0,""
"141575ea0","char[136]",".?AVNetSvrRemoveBloodMessageJob@?8??RemoveBloodMessage@NetSvrBloodMessageInterface@@QEAAPEAVINetSvrJob@@IAEBUCellAddress@Frpg2Sv@@I@Z@",0,""
"141575f40","char[232]",".?AVNetSvrGetBloodMessageListJob@?8??GetBloodMessageList@NetSvrBloodMessageInterface@@QEAAPEAVINetSvrJob@@IAEBV?$Frpg2Vector@UBloodMessageCellLimit@Frpg2ClientLib@@@Frpg2ClientLib@@IPEAV?$Frpg2Vector@UApp_BloodMessageData@@@5@@Z@",0,""
"141576040","char[184]",".?AVNetSvrGetAreaBloodMessageListJob@?8??GetAreaBloodMessageList@NetSvrBloodMessageInterface@@QEAAPEAVINetSvrJob@@IIIIPEAV?$Frpg2Vector@UApp_BloodMessageData@@@Frpg2ClientLib@@@Z@",0,""
"141576110","char[144]",".?AVNetSvrEvaluateBloodMessageJob@?8??EvaluateBloodMessage@NetSvrBloodMessageInterface@@QEAAPEAVINetSvrJob@@IAEBUCellAddress@Frpg2Sv@@I@Z@",0,""
"1415761b0","char[200]",".?AVNetSvrGetBloodMessageEvaluationJob@?8??GetBloodMessageEvaluation@NetSvrBloodMessageInterface@@QEAAPEAVINetSvrJob@@IAEBUCellAddress@Frpg2Sv@@IPEAUBloodMessageEvaluationData@Frpg2ClientLib@@@Z@",0,""
"141576290","char[304]",".?AV?$DLMemFunHandler@V?$DLFunctor@XU?$DLTypeList@W4CallbackType@Frpg2BloodMessage@Frpg2ClientLib@@U?$DLTypeList@PEBXU?$DLTypeList@_KVDLNullType@DLUT@@@TypeList@DLUT@@@TypeList@DLUT@@@TypeList@DLUT@@VFrpg2MemoryObjectModel@Frpg2ClientLib@@@DLUT@@PEAVNetSvrBloodMessageInterface@@P83@EAAXIPEBXI@Z@DLUTD@@",0,""
"1415763d0","char[272]",".?AV?$DLFunctorHandler@V?$DLFunctor@XU?$DLTypeList@W4CallbackType@Frpg2BloodMessage@Frpg2ClientLib@@U?$DLTypeList@PEBXU?$DLTypeList@_KVDLNullType@DLUT@@@TypeList@DLUT@@@TypeList@DLUT@@@TypeList@DLUT@@VFrpg2MemoryObjectModel@Frpg2ClientLib@@@DLUT@@P6AXIPEBX_K@Z@DLUTD@@",0,""
"141576528","char[40]",".?AVINetSvrBloodMessageReceiver@@",0,""
"141576560","char[32]",".?AVNetSvrBloodMessageManager@@",0,""
"141576590","char[128]",".?AVNetSvrCreateBloodMessageJob@?3??_StartCreateBloodMessageJob@NetSvrBloodMessageManager@@AEAA_NAEBUBloodMessageContent@@@Z@",0,""
"141576648","char[48]",".?AVNetSvrBloodMessagePushNotifyBuffer@@",0,""
"141576688","char[32]",".?AVNetSvrBloodstainInterface@@",0,""
"1415766c0","char[192]",".?AVNetSvrCreateBloodstainJob@?N@??CreateBloodstain@NetSvrBloodstainInterface@@QEAAPEAVINetSvrJob@@IAEBUCellAddress@Frpg2Sv@@AEBUNetSvrBloodstainData@@AEBUNetSvrBloodstainGhostData@@@Z@",0,""
"141576790","char[224]",".?AVNetSvrGetBloodstainListJob@?8??GetBloodstainList@NetSvrBloodstainInterface@@QEAAPEAVINetSvrJob@@IAEBV?$Frpg2Vector@URequestCellLimit@Frpg2ClientLib@@@Frpg2ClientLib@@IPEAV?$Frpg2Vector@UApp_BloodstainData@@@5@@Z@",0,""
"141576880","char[176]",".?AVNetSvrGetAreaBloodstainListJob@?8??GetAreaBloodstainList@NetSvrBloodstainInterface@@QEAAPEAVINetSvrJob@@IIIIPEAV?$Frpg2Vector@UApp_BloodstainData@@@Frpg2ClientLib@@@Z@",0,""
"141576940","char[160]",".?AVNetSvrGetDeadingGhostJob@?8??GetDeadingGhost@NetSvrBloodstainInterface@@QEAAPEAVINetSvrJob@@IAEBUCellAddress@Frpg2Sv@@IPEAUApp_DeadingGhostData@@@Z@",0,""
"141576a30","char[112]",".?AV?$_Func_base@_NVNetSvrJobResult@@AEBUNetSvrBloodstainGhostData@@VSignHandle@@U_Nil@std@@U45@U45@U45@@std@@",0,""
"141576ab0","char[32]",".?AVNetSvrBloodstainManager@@",0,""
"141576ae0","char[96]",".?AVNetSvrCreateBloodstainJob@?9??_StartCreateBloodstainJob@NetSvrBloodstainManager@@AEAAXXZ@",0,""
"141576b50","char[112]",".?AVNetSvrCreateStatueBloodstainJob@?9??_StartCreateStatueBloodstainJob@NetSvrBloodstainManager@@AEAAXXZ@",0,""
"141576bd0","char[304]",".?AV?$_Func_impl@U?$_Callable_obj@V<lambda_445f85f1eeb6cd9c26544c1037fa1b0e>@@$0A@@std@@V?$allocator@V?$_Func_class@_NVNetSvrJobResult@@AEBUNetSvrBloodstainGhostData@@VSignHandle@@U_Nil@std@@U45@U45@U45@@std@@@2@_NVNetSvrJobResult@@AEBUNetSvrBloodstainGhostData@@VSignHandle@@U_Nil@2@U72@U72@U72@@std@@",0,""
"141577580","char[128]",".?AVNetSvrAllowBreakInJob@?4??AllowBreakIn@NetSvrBreakInInterface@@QEAAPEAVINetSvrJob@@EIIIAEBUNetSvrBreakInSessionInfo@@@Z@",0,""
"141577b78","char[32]",".?AVNetSvrBreakInSummonJob@@",0,""
"141577ba8","char[32]",".?AVNetSvrSummonJobBase@@",0,""
"1415789c0","char[128]",".?AVJoinSessionJob@?1??_JoinSession@NetSvrDuelJoinJob@@CAPEAVINetSvrJob@@AEBUNetSvrDuelAllowJoinMsg@@VDuelBattleMap@@@Z@",0,""
"141579280","char[128]",".?AV?$MethodCallJob@U?$CallContainer0@VNetSummonManager@@X@CallMemberFunctionJob@NetJob@@@CallMemberFunctionJob@NetJob@@",0,""
"1415793f8","char[40]",".?AVINetSvrSummonSignInterface@@",0,""
"141579570","char[216]",".?AVNetSvrCreateSummonSignJob@?4??CreateSummonSign@NetSvrMirrorKnightSignInterface@@UEAAPEAVINetSvrJob@@IAEBUCellAddress@Frpg2Sv@@AEBUMatchingParameter@5@W4Frpg2SignType@5@AEBUNetSvrSummonSignAppData@@PEAI@Z@",0,""
"141579660","char[128]",".?AVNetSvrUpdateSummonSignJob@?8??UpdateSummonSign@NetSvrMirrorKnightSignInterface@@UEAAPEAVINetSvrJob@@AEBUSUMMON_SIGN_ID@@@Z@",0,""
"1415796f0","char[128]",".?AVNetSvrRemoveSummonSignJob@?8??RemoveSummonSign@NetSvrMirrorKnightSignInterface@@UEAAPEAVINetSvrJob@@AEBUSUMMON_SIGN_ID@@@Z@",0,""
"141579780","char[160]",".?AVNetSvrRejectSummonSignJob@?8??RejectSummonSign@NetSvrMirrorKnightSignInterface@@UEAAPEAVINetSvrJob@@AEBUSUMMON_SIGN_ID@@IW4Frpg2RejectCode@Frpg2Sv@@@Z@",0,""
"141579830","char[224]",".?AVNetSvrGetSummonSignListJob@?5??CreateGetMirrorKnightSignListJob@NetSvrMirrorKnightSignInterface@@QEAAPEAVINetSvrJob@@IAEBUMatchingParameter@Frpg2Sv@@PEAV?$Frpg2Vector@USignData@Frpg2ClientLib@@@Frpg2ClientLib@@@Z@",0,""
"141579920","char[184]",".?AVNetSvrSummonSummonSignJob@?4??CreateSummonMirrorKnightSignJob@NetSvrMirrorKnightSignInterface@@QEAAPEAVINetSvrJob@@USignInfo@Frpg2Sv@@AEBUNetSvrSummonSignSessionAppData@@@Z@",0,""
"141579c68","char[40]",".?AVNetSvrMirrorKnightSignSummonJob@@",0,""
"141579cd0","char[120]",".?AVNetSvrConnectJob@?4??Connect@NetSvrClientInterface@@QEAAPEAVINetSvrJob@@AEBUFrpg2ClientConfig@Frpg2ClientLib@@@Z@",0,""
"141579f80","char[192]",".?AV?$DLFunctorImpl@XU?$DLTypeList@AEBV?$Frpg2Vector@URegulationDiffData@Frpg2ClientLib@@@Frpg2ClientLib@@VDLNullType@DLUT@@@TypeList@DLUT@@VFrpg2MemoryObjectModel@Frpg2ClientLib@@@DLUTD@@",0,""
"14157a240","char[320]",".?AV?$DLMemFunHandler@V?$DLFunctor@XU?$DLTypeList@AEBV?$Frpg2Vector@URegulationDiffData@Frpg2ClientLib@@@Frpg2ClientLib@@VDLNullType@DLUT@@@TypeList@DLUT@@VFrpg2MemoryObjectModel@Frpg2ClientLib@@@DLUT@@PEAVNetSvrClientInterface@@P83@EAAXAEBV?$Frpg2Vector@URegulationDiffData@Frpg2ClientLib@@@Frpg2ClientLib@@@Z@DLUTD@@",0,""
"14157ac00","char[32]",".?AVNetSvrSummonSignInterface@@",0,""
"14157ad30","char[208]",".?AVNetSvrCreateSummonSignJob@?8??CreateSummonSign@NetSvrSummonSignInterface@@UEAAPEAVINetSvrJob@@IAEBUCellAddress@Frpg2Sv@@AEBUMatchingParameter@5@W4Frpg2SignType@5@AEBUNetSvrSummonSignAppData@@PEAI@Z@",0,""
"14157ae10","char[128]",".?AVNetSvrUpdateSummonSignJob@?8??UpdateSummonSign@NetSvrSummonSignInterface@@UEAAPEAVINetSvrJob@@AEBUSUMMON_SIGN_ID@@@Z@",0,""
"14157aea0","char[128]",".?AVNetSvrRemoveSummonSignJob@?8??RemoveSummonSign@NetSvrSummonSignInterface@@UEAAPEAVINetSvrJob@@AEBUSUMMON_SIGN_ID@@@Z@",0,""
"14157af30","char[152]",".?AVNetSvrRejectSummonSignJob@?8??RejectSummonSign@NetSvrSummonSignInterface@@UEAAPEAVINetSvrJob@@AEBUSUMMON_SIGN_ID@@IW4Frpg2RejectCode@Frpg2Sv@@@Z@",0,""
"14157afe0","char[296]",".?AVNetSvrGetSummonSignListJob@?8??GetSummonSignList@NetSvrSummonSignInterface@@UEAAPEAVINetSvrJob@@IAEBV?$Frpg2Vector@USignCellGetInfo@Frpg2ClientLib@@@Frpg2ClientLib@@IAEBUMatchingParameter@Frpg2Sv@@_N2PEAV?$Frpg2Vector@USignInfo@Frpg2Sv@@@5@PEAV?$Frpg2Vector@USignData@Frpg2ClientLib@@@5@@Z@",0,""
"14157b120","char[176]",".?AVNetSvrSummonSummonSignJob@?8??SummonSummonSign@NetSvrSummonSignInterface@@QEAAPEAVINetSvrJob@@IAEBUCellAddress@Frpg2Sv@@USignInfo@5@AEBUNetSvrSummonSignSessionAppData@@@Z@",0,""
"14157b1e0","char[296]",".?AV?$DLMemFunHandler@V?$DLFunctor@XU?$DLTypeList@W4CallbackType@Frpg2Sign@Frpg2ClientLib@@U?$DLTypeList@PEBXU?$DLTypeList@_KVDLNullType@DLUT@@@TypeList@DLUT@@@TypeList@DLUT@@@TypeList@DLUT@@VFrpg2MemoryObjectModel@Frpg2ClientLib@@@DLUT@@PEAVNetSvrSummonSignInterface@@P83@EAAXIPEBX_K@Z@DLUTD@@",0,""
"14157b440","char[32]",".?AVINetSvrSummonSignReceiver@@",0,""
"14157b470","char[32]",".?AVNetSvrSummonSignManager@@",0,""
"14157b4a0","char[40]",".?AVNetSvrSummonSignPushNotifyBuffer@@",0,""
"14157b4d8","char[32]",".?AVNetSvrSummonSignSummonJob@@",0,""
"14157bc68","char[32]",".?AVNetSvrVisitorSummonJob@@",0,""
"14157be78","char[40]",".?AVWaitGuestDisconnect@?A0x89915c51@@",0,""
"14157beb0","char[32]",".?AVLeaveSession@?A0x89915c51@@",0,""
"14157c1f8","char[40]",".?AVNetSummonAcceptMultiplayCtrl@@",0,""
"14157c230","char[32]",".?AVNetSummonSlotAreaManager@@",0,""
"14157c260","char[160]",".?AVCreatePhantomSensingBulletJob@?4??CreatePhantomSensingBullet@NetSummonJobFactory@@YAPEAVINetSvrJob@@MEEAEBV?$DLFixedVector@VNetPhantomId@@$04$0A@@DLUT@@@Z@",0,""
"14157c320","char[40]",".?AVNetSummonJoinMultiplayCtrl@@",0,""
"14157c358","char[32]",".?AVNetSummonPacketCtrl@@",0,""
"14157c388","char[24]",".?AVNetSummonSlotCtrl@@",0,""
"14157cb18","char[32]",".?AVRegulationResourceObject@@",0,""
"14157cb48","char[48]",".?AVParamFileResourceObject_ForRegulation@@",0,""
"14157cbb8","char[48]",".?AVEventMakerExResourceObject_ForRegulation@@",0,""
"14157cc30","char[48]",".?AVMessageResourceObject_ForRegulation@@",0,""
"14157cca0","char[64]",".?AV?$DLRuntimeClassImpl@VRegulationResourceObject@@$0A@@DLRF@@",0,""
"14157ccf0","char[72]",".?AV?$DLRuntimeClassImpl@VRegulationResourceObject_NoApply@@$0A@@DLRF@@",0,""
"14157cd50","char[80]",".?AV?$DLRuntimeClassImpl@VParamFileResourceObject_ForRegulation@@$0A@@DLRF@@",0,""
"14157cdb0","char[80]",".?AV?$DLRuntimeClassImpl@VEventMakerExResourceObject_ForRegulation@@$0A@@DLRF@@",0,""
"14157ce10","char[80]",".?AV?$DLRuntimeClassImpl@VMessageResourceObject_ForRegulation@@$0A@@DLRF@@",0,""
"14157ce70","char[32]",".?AVFeRegulationSaveJob@@",0,""
"141582740","char[64]",".?AV?$DLRuntimeClassImpl@VMapPhantomComponent@@$0A@@DLRF@@",0,""
"141583ba0","char[80]",".?AV?$DLRuntimeClassImpl@VGameEntityPhantomEventNotifyInterface@@$0A@@DLRF@@",0,""
"1415853b8","char[40]",".?AVEventConditionNet_IsOffline@@",0,""
"1415886e8","char[24]",".?AVNetSessionManager@@",0,""
"141588710","char[32]",".?AVINetSessionManager@@",0,""
"141588740","char[48]",".?AVExternalVoiceListener@NetSessionManager@@",0,""
"14158d178","char[40]",".?AVFrpg2Bloodstain@Frpg2ClientLib@@",0,""
"14158d1b0","char[48]",".?AVFrpg2BloodstainImpl@Frpg2ClientLib@@",0,""
"14158d1f0","char[56]",".?AVRequestCreateBloodstain@Frpg2RequestMessage@@",0,""
"14158d270","char[56]",".?AVRequestGetBloodstainList@Frpg2RequestMessage@@",0,""
"14158d2c0","char[64]",".?AVRequestGetBloodstainListResponse@Frpg2RequestMessage@@",0,""
"14158dab0","char[40]",".?AVFrpg2BloodMessage@Frpg2ClientLib@@",0,""
"14158db40","char[48]",".?AVFrpg2BloodMessageImpl@Frpg2ClientLib@@",0,""
"14158db80","char[56]",".?AVRequestCreateBloodMessage@Frpg2RequestMessage@@",0,""
"14158dbd0","char[64]",".?AVRequestCreateBloodMessageResponse@Frpg2RequestMessage@@",0,""
"14158dc20","char[56]",".?AVRequestRemoveBloodMessage@Frpg2RequestMessage@@",0,""
"14158dc70","char[56]",".?AVRequestReentryBloodMessage@Frpg2RequestMessage@@",0,""
"14158dcc0","char[56]",".?AVBloodMessageCellLimitData@Frpg2RequestMessage@@",0,""
"14158dd10","char[56]",".?AVRequestGetBloodMessageList@Frpg2RequestMessage@@",0,""
"14158dd60","char[64]",".?AVRequestGetBloodMessageListResponse@Frpg2RequestMessage@@",0,""
"14158ddb0","char[56]",".?AVRequestEvaluateBloodMessage@Frpg2RequestMessage@@",0,""
"14158de00","char[64]",".?AVRequestGetBloodMessageEvaluation@Frpg2RequestMessage@@",0,""
"14158de50","char[72]",".?AVRequestGetBloodMessageEvaluationResponse@Frpg2RequestMessage@@",0,""
"14158e000","char[288]",".?AV?$DLMemFunHandler@V?$DLFunctor@XU?$DLTypeList@IU?$DLTypeList@PEBXU?$DLTypeList@_KVDLNullType@DLUT@@@TypeList@DLUT@@@TypeList@DLUT@@@TypeList@DLUT@@VInternalMemoryObjectModel@RequestManager@Frpg2ClientLib@@@DLUT@@PEAVFrpg2BloodMessageImpl@Frpg2ClientLib@@P834@EAAXIPEBX_K@Z@DLUTD@@",0,""
"14158e568","char[48]",".?AVRequestSummonSign@Frpg2RequestMessage@@",0,""
"14158e5b0","char[48]",".?AVPushRequestSummonSign@Frpg2RequestMessage@@",0,""
"14158ea70","char[56]",".?AVRequestSummonMirrorKnightSign@Frpg2RequestMessage@@",0,""
"14158eac0","char[64]",".?AVPushRequestSummonMirrorKnightSign@Frpg2RequestMessage@@",0,""
"14158f640","char[56]",".?AVRequestNotifyJoinSession@Frpg2RequestMessage@@",0,""
"14158f690","char[56]",".?AVRequestNotifyLeaveSession@Frpg2RequestMessage@@",0,""
"14158f6e0","char[64]",".?AVRequestNotifyDisconnectSession@Frpg2RequestMessage@@",0,""
"14158f800","char[64]",".?AVRequestNotifyOfflineDeathCount@Frpg2RequestMessage@@",0,""
"14158ffa0","char[40]",".?AVPhantomTypeCount@Frpg2PlayerData@@",0,""
"141591240","char[48]",".?AVUDPConnectionFactory@Communication@Nauru@@",0,""
"141591280","char[48]",".?AVUDPRequestConnectionFactory@Request@Nauru@@",0,""
"1415912c0","char[56]",".?AVCustomRequestConnectionFactoryForNP@Frpg2Sv@@",0,""
"141591380","char[312]",".?AV?$DLFunctorImpl@XU?$DLTypeList@V?$DLReferencePointer@VTCPRequestConnection@Request@Nauru@@@DLUT@@U?$DLTypeList@PEBXU?$DLTypeList@_KU?$DLTypeList@PEBXU?$DLTypeList@_KVDLNullType@DLUT@@@TypeList@DLUT@@@TypeList@DLUT@@@TypeList@DLUT@@@TypeList@2@@TypeList@DLUT@@VNauruInternalMemoryObjectModel@Nauru@@@DLUTD@@",0,""
"1415914d0","char[312]",".?AV?$DLFunctorImpl@XU?$DLTypeList@V?$DLReferencePointer@VUDPRequestConnection@Request@Nauru@@@DLUT@@U?$DLTypeList@PEBXU?$DLTypeList@_KU?$DLTypeList@PEBXU?$DLTypeList@_KVDLNullType@DLUT@@@TypeList@DLUT@@@TypeList@DLUT@@@TypeList@DLUT@@@TypeList@2@@TypeList@DLUT@@VNauruInternalMemoryObjectModel@Nauru@@@DLUTD@@",0,""
"141591620","char[448]",".?AV?$DLMemFunHandler@V?$DLFunctor@XU?$DLTypeList@V?$DLReferencePointer@VTCPRequestConnection@Request@Nauru@@@DLUT@@U?$DLTypeList@PEBXU?$DLTypeList@_KU?$DLTypeList@PEBXU?$DLTypeList@_KVDLNullType@DLUT@@@TypeList@DLUT@@@TypeList@DLUT@@@TypeList@DLUT@@@TypeList@2@@TypeList@DLUT@@VNauruInternalMemoryObjectModel@Nauru@@@DLUT@@PEAVRPCSystemImpl@Frpg2Sv@@P834@EAAXV?$DLReferencePointer@VTCPRequestConnection@Request@Nauru@@@2@PEBX_K12@Z@DLUTD@@",0,""
"1415917f0","char[448]",".?AV?$DLMemFunHandler@V?$DLFunctor@XU?$DLTypeList@V?$DLReferencePointer@VUDPRequestConnection@Request@Nauru@@@DLUT@@U?$DLTypeList@PEBXU?$DLTypeList@_KU?$DLTypeList@PEBXU?$DLTypeList@_KVDLNullType@DLUT@@@TypeList@DLUT@@@TypeList@DLUT@@@TypeList@DLUT@@@TypeList@2@@TypeList@DLUT@@VNauruInternalMemoryObjectModel@Nauru@@@DLUT@@PEAVRPCSystemImpl@Frpg2Sv@@P834@EAAXV?$DLReferencePointer@VUDPRequestConnection@Request@Nauru@@@2@PEBX_K12@Z@DLUTD@@",0,""
"1415919c0","char[368]",".?AV?$DLFunctorHandler@V?$DLFunctor@XU?$DLTypeList@V?$DLReferencePointer@VUDPRequestConnection@Request@Nauru@@@DLUT@@U?$DLTypeList@PEBXU?$DLTypeList@_KU?$DLTypeList@PEBXU?$DLTypeList@_KVDLNullType@DLUT@@@TypeList@DLUT@@@TypeList@DLUT@@@TypeList@DLUT@@@TypeList@2@@TypeList@DLUT@@VNauruInternalMemoryObjectModel@Nauru@@@DLUT@@VPushFunctionAdapter@Workaround@@@DLUTD@@",0,""
"141591ce0","char[88]",".?AV?$CCallback@VLoginTaskForNP@Frpg2Sv@@UGetAuthSessionTicketResponse_t@@$0A@@@",0,""
"141591e20","char[56]",".?AVRequestStatusForGetConnectSessionKey@Frpg2Sv@@",0,""
"141592210","char[48]",".?AVCustomRequestConnectionForNP@Frpg2Sv@@",0,""
"141592250","char[48]",".?AVUDPRequestConnection@Request@Nauru@@",0,""
"141592290","char[48]",".?AVUDPMessageConnection@Communication@Nauru@@",0,""
"1415922d0","char[40]",".?AVUDPConnection@Communication@Nauru@@",0,""
"141592308","char[40]",".?AVConnection@Communication@Nauru@@",0,""
"141593f88","char[40]",".?AVhkpPhantomBroadPhaseListener@@",0,""
"141594250","char[24]",".?AVhkpPhantom@@",0,""
"141594398","char[32]",".?AVhkpPhantomOverlapListener@@",0,""
"141594620","char[24]",".?AVhkpAabbPhantom@@",0,""
"141594648","char[24]",".?AVhkpShapePhantom@@",0,""
"1415bb2e0","char[152]",".?AV?$FXSequenceParamReal@M$05V?$InterpolationStrategy@V?$InterpolationLinear@M@STRATEGY@PARAM@FFX@@ULoopCategoryNone@234@@STRATEGY@PARAM@FFX@@@FFX@@",0,""
"1415bd520","char[184]",".?AV?$DLRuntimeClassImpl@V?$FXSequenceParamReal@H$02V?$InterpolationStrategy@V?$InterpolationLinear@H@STRATEGY@PARAM@FFX@@ULoopCategoryNone@234@@STRATEGY@PARAM@FFX@@@FFX@@$0A@@DLRF@@",0,""
"1415bd5f0","char[192]",".?AV?$DLRuntimeClassImpl@V?$FXSequenceParamReal@H$02V?$InterpolationStrategy@V?$InterpolationLinear@H@STRATEGY@PARAM@FFX@@ULoopCategoryCyclic@234@@STRATEGY@PARAM@FFX@@@FFX@@$0A@@DLRF@@",0,""
"1415bd8d0","char[192]",".?AV?$DLRuntimeClassImpl@V?$FXSequenceParamRuntime@H$02V?$InterpolationStrategy@V?$InterpolationLinear@H@STRATEGY@PARAM@FFX@@ULoopCategoryNone@234@@STRATEGY@PARAM@FFX@@@FFX@@$0A@@DLRF@@",0,""
"1415bdd20","char[184]",".?AV?$DLRuntimeClassImpl@V?$FXSequenceParamReal@M$05V?$InterpolationStrategy@V?$InterpolationLinear@M@STRATEGY@PARAM@FFX@@ULoopCategoryNone@234@@STRATEGY@PARAM@FFX@@@FFX@@$0A@@DLRF@@",0,""
"1415bddf0","char[192]",".?AV?$DLRuntimeClassImpl@V?$FXSequenceParamReal@M$05V?$InterpolationStrategy@V?$InterpolationLinear@M@STRATEGY@PARAM@FFX@@ULoopCategoryCyclic@234@@STRATEGY@PARAM@FFX@@@FFX@@$0A@@DLRF@@",0,""
"1415be2e0","char[192]",".?AV?$DLRuntimeClassImpl@V?$FXSequenceParamRuntime@M$05V?$InterpolationStrategy@V?$InterpolationLinear@M@STRATEGY@PARAM@FFX@@ULoopCategoryNone@234@@STRATEGY@PARAM@FFX@@@FFX@@$0A@@DLRF@@",0,""
"1415becb0","char[208]",".?AV?$DLRuntimeClassImpl@V?$FXSequenceParamReal@VFXTick@FFX@@$0CF@V?$InterpolationStrategy@V?$InterpolationLinear@VFXTick@FFX@@@STRATEGY@PARAM@FFX@@ULoopCategoryNone@234@@STRATEGY@PARAM@2@@FFX@@$0A@@DLRF@@",0,""
"1415befd0","char[216]",".?AV?$DLRuntimeClassImpl@V?$FXSequenceParamRuntime@VFXTick@FFX@@$0CF@V?$InterpolationStrategy@V?$InterpolationLinear@VFXTick@FFX@@@STRATEGY@PARAM@FFX@@ULoopCategoryNone@234@@STRATEGY@PARAM@2@@FFX@@$0A@@DLRF@@",0,""
"1415bf820","char[224]",".?AV?$DLRuntimeClassImpl@V?$FXSequenceParamReal@UDL_VECTOR4AL@DLMT@@$08V?$InterpolationStrategy@V?$InterpolationLinear@UDL_VECTOR4AL@DLMT@@@STRATEGY@PARAM@FFX@@ULoopCategoryNone@234@@STRATEGY@PARAM@FFX@@@FFX@@$0A@@DLRF@@",0,""
"1415bf910","char[224]",".?AV?$DLRuntimeClassImpl@V?$FXSequenceParamReal@UDL_VECTOR4AL@DLMT@@$08V?$InterpolationStrategy@V?$InterpolationLinear@UDL_VECTOR4AL@DLMT@@@STRATEGY@PARAM@FFX@@ULoopCategoryCyclic@234@@STRATEGY@PARAM@FFX@@@FFX@@$0A@@DLRF@@",0,""
"1415bfec0","char[224]",".?AV?$DLRuntimeClassImpl@V?$FXSequenceParamRuntime@UDL_VECTOR4AL@DLMT@@$08V?$InterpolationStrategy@V?$InterpolationLinear@UDL_VECTOR4AL@DLMT@@@STRATEGY@PARAM@FFX@@ULoopCategoryNone@234@@STRATEGY@PARAM@FFX@@@FFX@@$0A@@DLRF@@",0,""
"1415c0350","char[224]",".?AV?$DLRuntimeClassImpl@V?$FXSequenceParamReal@UDL_COLOR_32@DLMT@@$0M@V?$InterpolationStrategy@V?$InterpolationLinear@UDL_COLOR_32@DLMT@@@STRATEGY@PARAM@FFX@@ULoopCategoryNone@234@@STRATEGY@PARAM@FFX@@@FFX@@$0A@@DLRF@@",0,""
"1415c0440","char[224]",".?AV?$DLRuntimeClassImpl@V?$FXSequenceParamReal@UDL_COLOR_32@DLMT@@$0M@V?$InterpolationStrategy@V?$InterpolationLinear@UDL_COLOR_32@DLMT@@@STRATEGY@PARAM@FFX@@ULoopCategoryCyclic@234@@STRATEGY@PARAM@FFX@@@FFX@@$0A@@DLRF@@",0,""
"1415c09b0","char[224]",".?AV?$DLRuntimeClassImpl@V?$FXSequenceParamReal@UDL_VECTOR4AL@DLMT@@$0P@V?$InterpolationStrategy@V?$InterpolationLinear@UDL_VECTOR4AL@DLMT@@@STRATEGY@PARAM@FFX@@ULoopCategoryNone@234@@STRATEGY@PARAM@FFX@@@FFX@@$0A@@DLRF@@",0,""
"1415c0aa0","char[224]",".?AV?$DLRuntimeClassImpl@V?$FXSequenceParamReal@UDL_VECTOR4AL@DLMT@@$0P@V?$InterpolationStrategy@V?$InterpolationLinear@UDL_VECTOR4AL@DLMT@@@STRATEGY@PARAM@FFX@@ULoopCategoryCyclic@234@@STRATEGY@PARAM@FFX@@@FFX@@$0A@@DLRF@@",0,""
"1415c11f0","char[216]",".?AV?$DLRuntimeClassImpl@V?$FXSequenceParamReal@UFXPlacement@FFX@@$0BC@V?$InterpolationStrategy@V?$InterpolationLinear@UFXPlacement@FFX@@@STRATEGY@PARAM@FFX@@ULoopCategoryNone@234@@STRATEGY@PARAM@2@@FFX@@$0A@@DLRF@@",0,""
"1415c12e0","char[224]",".?AV?$DLRuntimeClassImpl@V?$FXSequenceParamReal@UFXPlacement@FFX@@$0BC@V?$InterpolationStrategy@V?$InterpolationLinear@UFXPlacement@FFX@@@STRATEGY@PARAM@FFX@@ULoopCategoryCyclic@234@@STRATEGY@PARAM@2@@FFX@@$0A@@DLRF@@",0,""
"1415c1f18","char[32]",".?AVNRSessionManager@DLNR@@",0,""
"1415c2060","char[32]",".?AVSessionLight@DLNRD@@",0,""
"1415c2130","char[48]",".?AUSessionTaskInfo@SessionLight@DLNRD@@",0,""
"1415c2170","char[48]",".?AVSessionSocketListener@SessionLight@DLNRD@@",0,""
"1415c21b0","char[32]",".?AVSteamSurveillance@DLNRD@@",0,""
"1415c2240","char[80]",".?AV?$CCallback@VSteamSurveillance@DLNRD@@USteamServersConnected_t@@$0A@@@",0,""
"1415c22a0","char[80]",".?AV?$CCallback@VSteamSurveillance@DLNRD@@USteamServersDisconnected_t@@$0A@@@",0,""
"1415c26a8","char[32]",".?AVSessionManager@DLNRD@@",0,""
"1415c2708","char[32]",".?AVOnlineIDDataManager@DLNRD@@",0,""
"1415c2768","char[32]",".?AVSessionMemberLight@DLNRD@@",0,""
"1415c27a0","char[56]",".?AUSessionMemberTaskInfo@SessionMemberLight@DLNRD@@",0,""
"1415c27e8","char[40]",".?AVSessionManagerRepository@DLNRD@@",0,""
"1415c2878","char[32]",".?AVSteamPlayerData@DLNRD@@",0,""
"1415c28b0","char[64]",".?AV?$DLRuntimeClassImpl@VSteamPlayerData@DLNRD@@$0A@@DLRF@@",0,""
"1415c2900","char[112]",".?AV?$DLConcreteConstructor@VSteamPlayerData@DLNRD@@U?$DLTypeList@VDLNullType@DLUT@@V12@@TypeList@DLUT@@@DLRF@@",0,""
"1415c29b0","char[40]",".?AVSteamOnlineIDDataManager@DLNRD@@",0,""
"1415c2a20","char[32]",".?AVSteamOnlineIDData@DLNRD@@",0,""
"1415c2a50","char[32]",".?AVOnlineIDData@DLNRD@@",0,""
"1415c2de8","char[32]",".?AVSteamRankingManager@DLNRD@@",0,""
"1415c2e18","char[32]",".?AVSteamMatchingSystem@DLNRD@@",0,""
"1415c2e78","char[48]",".?AVSteamSessionManagerRepository@DLNRD@@",0,""
"1415c2eb8","char[32]",".?AVSteamSessionLight@DLNRD@@",0,""
"1415c2ef0","char[64]",".?AV?$CCallResult@VSteamSessionLight@DLNRD@@ULobbyCreated_t@@@@",0,""
"1415c2f40","char[64]",".?AV?$CCallResult@VSteamSessionLight@DLNRD@@ULobbyEnter_t@@@@",0,""
"1415c2f90","char[72]",".?AV?$CCallback@VSteamSessionLight@DLNRD@@UPersonaStateChange_t@@$0A@@@",0,""
"1415c2ff0","char[72]",".?AV?$CCallback@VSteamSessionLight@DLNRD@@ULobbyChatUpdate_t@@$0A@@@",0,""
"1415c3050","char[72]",".?AV?$CCallback@VSteamSessionLight@DLNRD@@UP2PSessionRequest_t@@$0A@@@",0,""
"1415c30b0","char[80]",".?AV?$CCallback@VSteamSessionLight@DLNRD@@UP2PSessionConnectFail_t@@$0A@@@",0,""
"1415c3110","char[80]",".?AV?$CCallback@VSteamSessionLight@DLNRD@@UValidateAuthTicketResponse_t@@$0A@@@",0,""
"1415c3170","char[32]",".?AVSteamVoiceChat@DLNRD@@",0,""
"1415c31a0","char[40]",".?AVSteamSessionMemberLight@DLNRD@@",0,""
"1415c31d8","char[40]",".?AVSteamPlayerDataHelper@DLNRD@@",0,""
"1415c36a8","char[40]",".?AVSLSessionManager@SaveLoad2@@",0,""
"1415c36e0","char[32]",".?AVSLSession@SaveLoad2@@",0,""
"1415c3710","char[32]",".?AVSLSaveSession@SaveLoad2@@",0,""
"1415c3740","char[32]",".?AVSLLoadSession@SaveLoad2@@",0,""
"1415c37c0","char[40]",".?AVSLSessionRunnable@SaveLoad2@@",0,""
"1415c37f8","char[48]",".?AVSLSessionResultInfo@detail@SaveLoad2@@",0,""
"1415d61c0","char[24]",".?AVDLCManager_Steam@@",0,""
"1415dce90","char[72]",".?AV?$CCallback@VTrophySteamAchievements@@UUserStatsReceived_t@@$0A@@@",0,""
"1415dcef0","char[72]",".?AV?$CCallback@VTrophySteamAchievements@@UUserStatsStored_t@@$0A@@@",0,""
"1415dcf50","char[80]",".?AV?$CCallback@VTrophySteamAchievements@@UUserAchievementStored_t@@$0A@@@",0,""
"1415df490","char[24]",".?AVPXBulletPhantom@@",0,""
"1415df548","char[32]",".?AVPXSimpleShapePhantom@@",0,""
"1415df578","char[16]",".?AVPXPhantom@@",0,""
"1415df5a0","char[64]",".?AVInternalPhantomOverlapListener@PXSimpleShapePhantom@@",0,""
"1415dfd58","char[24]",".?AVPXAabbPhantom@@",0,""
"1415e3a50","char[64]",".?AVGetConnectGameServerPortIdResponse@Frpg2RequestMessage@@",0,""
"1415e3f80","char[64]",".?AVRequestGetPlayerConnectGameServer@Frpg2RequestMessage@@",0,""
"1415e3fd0","char[56]",".?AVPlayerConnectServerInfo@Frpg2RequestMessage@@",0,""
"1415e4020","char[72]",".?AVRequestGetPlayerConnectGameServerResponse@Frpg2RequestMessage@@",0,""
"1415e4080","char[56]",".?AVRequestGetConnectionCount@Frpg2RequestMessage@@",0,""
"1415e40d0","char[64]",".?AVRequestGetConnectionCountResponse@Frpg2RequestMessage@@",0,""
"1415e4120","char[48]",".?AVRequestDisconnectUser@Frpg2RequestMessage@@",0,""
"1415e4160","char[56]",".?AVRequestDisconnectAllUser@Frpg2RequestMessage@@",0,""
"1415e4240","char[56]",".?AVRequestGetAreaBloodstainList@Frpg2RequestMessage@@",0,""
"1415e4288","char[48]",".?AVBloodstainInfo@Frpg2RequestMessage@@",0,""
"1415e43a0","char[56]",".?AVRequestSummonSignResponse@Frpg2RequestMessage@@",0,""
"1415e44d0","char[48]",".?AVBloodMessageData@Frpg2RequestMessage@@",0,""
"1415e4510","char[64]",".?AVRequestRemoveBloodMessageResponse@Frpg2RequestMessage@@",0,""
"1415e4560","char[64]",".?AVRequestReentryBloodMessageResponse@Frpg2RequestMessage@@",0,""
"1415e45b0","char[64]",".?AVRequestGetAreaBloodMessageList@Frpg2RequestMessage@@",0,""
"1415e4600","char[64]",".?AVRequestEvaluateBloodMessageResponse@Frpg2RequestMessage@@",0,""
"1415e4650","char[64]",".?AVPushRequestEvaluateBloodMessage@Frpg2RequestMessage@@",0,""
"1415e4730","char[56]",".?AVRequestGetRegulationFile@Frpg2RequestMessage@@",0,""
"1415e4780","char[64]",".?AVRequestGetRegulationFileResponse@Frpg2RequestMessage@@",0,""
"1415e47d0","char[48]",".?AVRegulationFileMessage@Frpg2RequestMessage@@",0,""
"1415e4810","char[56]",".?AVRegulationFileDiffData@Frpg2RequestMessage@@",0,""
"1415e4860","char[56]",".?AVRegulationFileUpdateMessage@Frpg2RequestMessage@@",0,""
"1415e48b0","char[64]",".?AVRegulationFileUpdatePushMessage@Frpg2RequestMessage@@",0,""
"1415e4a30","char[64]",".?AVRequestSummonMirrorKnightSignResponse@Frpg2RequestMessage@@",0,""
"1415e4fe0","char[64]",".?AVRequestNotifyJoinSessionResponse@Frpg2RequestMessage@@",0,""
"1415e5030","char[64]",".?AVRequestNotifyLeaveSessionResponse@Frpg2RequestMessage@@",0,""
"1415e5080","char[72]",".?AVRequestNotifyDisconnectSessionResponse@Frpg2RequestMessage@@",0,""
"1415e53a0","char[72]",".?AVRequestNotifyOfflineDeathCountResponse@Frpg2RequestMessage@@",0,""
"1415e5690","char[56]",".?AVPlayerStatus_Phantom_leave_at@Frpg2PlayerData@@",0,""
"1415e5988","char[40]",".?AVTCPConnection@Communication@Nauru@@",0,""
"1415e5c58","char[48]",".?AVTCPConnectionFactory@Communication@Nauru@@",0,""
"1415e5d10","char[48]",".?AVTCPRequestConnectionFactory@Request@Nauru@@",0,""
"1415e5d50","char[160]",".?AV?$DLFunctorImpl@XU?$DLTypeList@PEAVTCPConnection@Communication@Nauru@@VDLNullType@DLUT@@@TypeList@DLUT@@VNauruInternalMemoryObjectModel@Nauru@@@DLUTD@@",0,""
"1415e5e00","char[224]",".?AV?$DLFunctorHandler@V?$DLFunctor@XU?$DLTypeList@PEAVTCPConnection@Communication@Nauru@@VDLNullType@DLUT@@@TypeList@DLUT@@VNauruInternalMemoryObjectModel@Nauru@@@DLUT@@ULocalFunctorForProcessingMessageCount@@@DLUTD@@",0,""
"1415e5f40","char[160]",".?AV?$DLFunctorImpl@XU?$DLTypeList@PEAVUDPConnection@Communication@Nauru@@VDLNullType@DLUT@@@TypeList@DLUT@@VNauruInternalMemoryObjectModel@Nauru@@@DLUTD@@",0,""
"1415e5ff0","char[224]",".?AV?$DLFunctorHandler@V?$DLFunctor@XU?$DLTypeList@PEAVUDPConnection@Communication@Nauru@@VDLNullType@DLUT@@@TypeList@DLUT@@VNauruInternalMemoryObjectModel@Nauru@@@DLUT@@ULocalFunctorForProcessingMessageCount@@@DLUTD@@",0,""
"1415e6190","char[48]",".?AVTCPConnectionManager@Communication@Nauru@@",0,""
"1415e6270","char[56]",".?AVWin32TCPConnectionManager@Communication@Nauru@@",0,""
"1415e6330","char[48]",".?AVTCPRequestConnection@Request@Nauru@@",0,""
"1415e6370","char[48]",".?AVTCPMessageConnection@Communication@Nauru@@",0,""
"1415ead70","char[32]",".?AVhkpSimpleShapePhantom@@",0,""
"1415ec008","char[32]",".?AVhkpCachingShapePhantom@@",0,""
"1415ec390","char[64]",".?AVMtPhantomBroadPhaseListener@hkpMultiThreadedSimulation@@",0,""
"1415ed638","char[40]",".?AVhkpConvexVerticesConnectivity@@",0,""
"1415ee8d0","char[24]",".?AVhkpPhantomAgent@@",0,""
"1415f2220","char[32]",".?AVhclBroadPhasePhantom@@",0,""
"1415fb6e0","char[152]",".?AV?$FXSequenceParamReal@H$02V?$InterpolationStrategy@V?$InterpolationLinear@H@STRATEGY@PARAM@FFX@@ULoopCategoryNone@234@@STRATEGY@PARAM@FFX@@@FFX@@",0,""
"1415fb790","char[152]",".?AV?$FXSequenceParamReal@H$02V?$InterpolationStrategy@V?$InterpolationLinear@H@STRATEGY@PARAM@FFX@@ULoopCategoryCyclic@234@@STRATEGY@PARAM@FFX@@@FFX@@",0,""
"1415fb940","char[160]",".?AV?$FXSequenceParamRuntime@H$02V?$InterpolationStrategy@V?$InterpolationLinear@H@STRATEGY@PARAM@FFX@@ULoopCategoryNone@234@@STRATEGY@PARAM@FFX@@@FFX@@",0,""
"1415fbaa0","char[152]",".?AV?$FXSequenceParamReal@M$05V?$InterpolationStrategy@V?$InterpolationLinear@M@STRATEGY@PARAM@FFX@@ULoopCategoryCyclic@234@@STRATEGY@PARAM@FFX@@@FFX@@",0,""
"1415fbdb0","char[160]",".?AV?$FXSequenceParamRuntime@M$05V?$InterpolationStrategy@V?$InterpolationLinear@M@STRATEGY@PARAM@FFX@@ULoopCategoryNone@234@@STRATEGY@PARAM@FFX@@@FFX@@",0,""
"1415fc000","char[192]",".?AV?$FXSequenceParamReal@UDL_VECTOR4AL@DLMT@@$08V?$InterpolationStrategy@V?$InterpolationLinear@UDL_VECTOR4AL@DLMT@@@STRATEGY@PARAM@FFX@@ULoopCategoryNone@234@@STRATEGY@PARAM@FFX@@@FFX@@",0,""
"1415fc0d0","char[192]",".?AV?$FXSequenceParamReal@UDL_VECTOR4AL@DLMT@@$08V?$InterpolationStrategy@V?$InterpolationLinear@UDL_VECTOR4AL@DLMT@@@STRATEGY@PARAM@FFX@@ULoopCategoryCyclic@234@@STRATEGY@PARAM@FFX@@@FFX@@",0,""
"1415fc470","char[192]",".?AV?$FXSequenceParamRuntime@UDL_VECTOR4AL@DLMT@@$08V?$InterpolationStrategy@V?$InterpolationLinear@UDL_VECTOR4AL@DLMT@@@STRATEGY@PARAM@FFX@@ULoopCategoryNone@234@@STRATEGY@PARAM@FFX@@@FFX@@",0,""
"1415fc730","char[184]",".?AV?$FXSequenceParamReal@UFXPlacement@FFX@@$0BC@V?$InterpolationStrategy@V?$InterpolationLinear@UFXPlacement@FFX@@@STRATEGY@PARAM@FFX@@ULoopCategoryNone@234@@STRATEGY@PARAM@2@@FFX@@",0,""
"1415fc800","char[192]",".?AV?$FXSequenceParamReal@UFXPlacement@FFX@@$0BC@V?$InterpolationStrategy@V?$InterpolationLinear@UFXPlacement@FFX@@@STRATEGY@PARAM@FFX@@ULoopCategoryCyclic@234@@STRATEGY@PARAM@2@@FFX@@",0,""
"1415fc9d0","char[176]",".?AV?$FXSequenceParamReal@VFXTick@FFX@@$0CF@V?$InterpolationStrategy@V?$InterpolationLinear@VFXTick@FFX@@@STRATEGY@PARAM@FFX@@ULoopCategoryNone@234@@STRATEGY@PARAM@2@@FFX@@",0,""
"1415fcc00","char[176]",".?AV?$FXSequenceParamRuntime@VFXTick@FFX@@$0CF@V?$InterpolationStrategy@V?$InterpolationLinear@VFXTick@FFX@@@STRATEGY@PARAM@FFX@@ULoopCategoryNone@234@@STRATEGY@PARAM@2@@FFX@@",0,""
"1415fd3b0","char[192]",".?AV?$FXSequenceParamReal@UDL_VECTOR4AL@DLMT@@$0P@V?$InterpolationStrategy@V?$InterpolationLinear@UDL_VECTOR4AL@DLMT@@@STRATEGY@PARAM@FFX@@ULoopCategoryNone@234@@STRATEGY@PARAM@FFX@@@FFX@@",0,""
"1415fd480","char[192]",".?AV?$FXSequenceParamReal@UDL_VECTOR4AL@DLMT@@$0P@V?$InterpolationStrategy@V?$InterpolationLinear@UDL_VECTOR4AL@DLMT@@@STRATEGY@PARAM@FFX@@ULoopCategoryCyclic@234@@STRATEGY@PARAM@FFX@@@FFX@@",0,""
"141aacf20","TerminatedCString","?addInput@DSP@FMOD@@QEAA?AW4FMOD_RESULT@@PEAV12@PEAPEAVDSPConnection@2@@Z",0,""
"141aacf6c","TerminatedCString","?disconnectFrom@DSP@FMOD@@QEAA?AW4FMOD_RESULT@@PEAV12@@Z",0,""
"141aacfa8","TerminatedCString","?disconnectAll@DSP@FMOD@@QEAA?AW4FMOD_RESULT@@_N0@Z",0,""
"141aad014","TerminatedCString","?getInput@DSP@FMOD@@QEAA?AW4FMOD_RESULT@@HPEAPEAV12@PEAPEAVDSPConnection@2@@Z",0,""
"141aad064","TerminatedCString","?getOutput@DSP@FMOD@@QEAA?AW4FMOD_RESULT@@HPEAPEAV12@PEAPEAVDSPConnection@2@@Z",0,""
"141aad0b6","TerminatedCString","?setMix@DSPConnection@FMOD@@QEAA?AW4FMOD_RESULT@@M@Z",0,""
"141aad7fe","TerminatedCString","?setLevels@DSPConnection@FMOD@@QEAA?AW4FMOD_RESULT@@W4FMOD_SPEAKER@@PEAMH@Z",0,""
"141aadc14","TerminatedCString","steam_api64.dll",0,""
"141aadc26","TerminatedCString","SteamAPI_RegisterCallback",0,""
"141aadc42","TerminatedCString","SteamAPI_UnregisterCallback",0,""
"141aadc60","TerminatedCString","SteamApps",0,""
"141aadc6c","TerminatedCString","SteamUser",0,""
"141aadc78","TerminatedCString","SteamUserStats",0,""
"141aadc8a","TerminatedCString","SteamAPI_RunCallbacks",0,""
"141aadca2","TerminatedCString","SteamUtils",0,""
"141aadcb0","TerminatedCString","SteamAPI_Init",0,""
"141aadcc0","TerminatedCString","SteamAPI_RestartAppIfNecessary",0,""
"141aadce2","TerminatedCString","SteamAPI_Shutdown",0,""
"141aadcf6","TerminatedCString","SteamAPI_UnregisterCallResult",0,""
"141aadd16","TerminatedCString","SteamAPI_RegisterCallResult",0,""
"141aadd34","TerminatedCString","SteamNetworking",0,""
"141aadd46","TerminatedCString","SteamMatchmaking",0,""
"141aadd5a","TerminatedCString","SteamClient",0,""
"141aadd68","TerminatedCString","SteamFriends",0,""
